givenName,familyName,preferredName,email,phone,householdKey,dietary,accessibility,note
,,,not-an-email,=1+1,HD-0,,,@SUM(A1)
Dirty1,SynthDirty,,dirty1.s06c@example.test,+15554000001,HD-0,,,SYNTHETIC S06C-1000-DIRTY
Dirty2,SynthDirty,,dirty2.s06c@example.test,+15554000002,HD-0,,,SYNTHETIC S06C-1000-DIRTY
Dirty3,SynthDirty,,dirty3.s06c@example.test,+15554000003,HD-0,,,SYNTHETIC S06C-1000-DIRTY
Dirty4,SynthDirty,,dirty4.s06c@example.test,+15554000004,HD-0,,,SYNTHETIC S06C-1000-DIRTY
Dirty5,SynthDirty,,dirty5.s06c@example.test,+15554000005,HD-1,,,SYNTHETIC S06C-1000-DIRTY
Dirty6,SynthDirty,,dirty6.s06c@example.test,+15554000006,HD-1,,,SYNTHETIC S06C-1000-DIRTY
Dirty7,SynthDirty,,dirty7.s06c@example.test,+15554000007,HD-1,,,SYNTHETIC S06C-1000-DIRTY
Dirty8,SynthDirty,,dirty8.s06c@example.test,+15554000008,HD-1,,,SYNTHETIC S06C-1000-DIRTY
Dirty9,SynthDirty,,dirty9.s06c@example.test,+15554000009,HD-1,,,SYNTHETIC S06C-1000-DIRTY
Dirty10,SynthDirty,,dirty10.s06c@example.test,+15554000010,HD-2,,,SYNTHETIC S06C-1000-DIRTY
Dirty11,SynthDirty,,dirty11.s06c@example.test,+15554000011,HD-2,,,SYNTHETIC S06C-1000-DIRTY
Dirty12,SynthDirty,,dirty12.s06c@example.test,+15554000012,HD-2,,,SYNTHETIC S06C-1000-DIRTY
Dirty13,SynthDirty,,dirty13.s06c@example.test,+15554000013,HD-2,,,SYNTHETIC S06C-1000-DIRTY
Dirty14,SynthDirty,,dirty14.s06c@example.test,+15554000014,HD-2,,,SYNTHETIC S06C-1000-DIRTY
Dirty15,SynthDirty,,dirty15.s06c@example.test,+15554000015,HD-3,,,SYNTHETIC S06C-1000-DIRTY
Dirty16,SynthDirty,,dirty16.s06c@example.test,+15554000016,HD-3,,,SYNTHETIC S06C-1000-DIRTY
Dirty17,SynthDirty,,dirty17.s06c@example.test,+15554000017,HD-3,,,SYNTHETIC S06C-1000-DIRTY
Dirty18,SynthDirty,,dirty18.s06c@example.test,+15554000018,HD-3,,,SYNTHETIC S06C-1000-DIRTY
Dirty19,SynthDirty,,dirty19.s06c@example.test,+15554000019,HD-3,,,SYNTHETIC S06C-1000-DIRTY
Dirty20,SynthDirty,,dirty20.s06c@example.test,+15554000020,HD-4,,,SYNTHETIC S06C-1000-DIRTY
Dirty21,SynthDirty,,dirty21.s06c@example.test,+15554000021,HD-4,,,SYNTHETIC S06C-1000-DIRTY
Dirty22,SynthDirty,,dirty22.s06c@example.test,+15554000022,HD-4,,,SYNTHETIC S06C-1000-DIRTY
Dirty23,SynthDirty,,dirty23.s06c@example.test,+15554000023,HD-4,,,SYNTHETIC S06C-1000-DIRTY
Dirty24,SynthDirty,,dirty24.s06c@example.test,+15554000024,HD-4,,,SYNTHETIC S06C-1000-DIRTY
Dirty25,SynthDirty,,dirty25.s06c@example.test,+15554000025,HD-5,,,SYNTHETIC S06C-1000-DIRTY
Dirty26,SynthDirty,,dirty26.s06c@example.test,+15554000026,HD-5,,,SYNTHETIC S06C-1000-DIRTY
Dirty27,SynthDirty,,dirty27.s06c@example.test,+15554000027,HD-5,,,SYNTHETIC S06C-1000-DIRTY
Dirty28,SynthDirty,,dirty28.s06c@example.test,+15554000028,HD-5,,,SYNTHETIC S06C-1000-DIRTY
Dirty29,SynthDirty,,dirty29.s06c@example.test,+15554000029,HD-5,,,SYNTHETIC S06C-1000-DIRTY
Dirty30,SynthDirty,,dirty30.s06c@example.test,+15554000030,HD-6,,,SYNTHETIC S06C-1000-DIRTY
Dirty31,SynthDirty,,dirty31.s06c@example.test,+15554000031,HD-6,,,SYNTHETIC S06C-1000-DIRTY
Dirty32,SynthDirty,,dirty32.s06c@example.test,+15554000032,HD-6,,,SYNTHETIC S06C-1000-DIRTY
Dirty33,SynthDirty,,dirty33.s06c@example.test,+15554000033,HD-6,,,SYNTHETIC S06C-1000-DIRTY
Dirty34,SynthDirty,,dirty34.s06c@example.test,+15554000034,HD-6,,,SYNTHETIC S06C-1000-DIRTY
Dirty35,SynthDirty,,dirty35.s06c@example.test,+15554000035,HD-7,,,SYNTHETIC S06C-1000-DIRTY
Dirty36,SynthDirty,,dirty36.s06c@example.test,+15554000036,HD-7,,,SYNTHETIC S06C-1000-DIRTY
Dirty37,SynthDirty,,dirty37.s06c@example.test,+15554000037,HD-7,,,SYNTHETIC S06C-1000-DIRTY
Dirty38,SynthDirty,,dirty38.s06c@example.test,+15554000038,HD-7,,,SYNTHETIC S06C-1000-DIRTY
Dirty39,SynthDirty,,dirty39.s06c@example.test,+15554000039,HD-7,,,SYNTHETIC S06C-1000-DIRTY
Dirty40,SynthDirty,,dirty40.s06c@example.test,+15554000040,HD-8,,,SYNTHETIC S06C-1000-DIRTY
Dirty41,SynthDirty,,dirty41.s06c@example.test,+15554000041,HD-8,,,SYNTHETIC S06C-1000-DIRTY
Dirty42,SynthDirty,,dirty42.s06c@example.test,+15554000042,HD-8,,,SYNTHETIC S06C-1000-DIRTY
Dirty43,SynthDirty,,dirty43.s06c@example.test,+15554000043,HD-8,,,SYNTHETIC S06C-1000-DIRTY
Dirty44,SynthDirty,,dirty44.s06c@example.test,+15554000044,HD-8,,,SYNTHETIC S06C-1000-DIRTY
Dirty45,SynthDirty,,dirty45.s06c@example.test,+15554000045,HD-9,,,SYNTHETIC S06C-1000-DIRTY
Dirty46,SynthDirty,,dirty46.s06c@example.test,+15554000046,HD-9,,,SYNTHETIC S06C-1000-DIRTY
Dirty47,SynthDirty,,dirty47.s06c@example.test,+15554000047,HD-9,,,SYNTHETIC S06C-1000-DIRTY
Dirty48,SynthDirty,,dirty48.s06c@example.test,+15554000048,HD-9,,,SYNTHETIC S06C-1000-DIRTY
Dirty49,SynthDirty,,dirty49.s06c@example.test,+15554000049,HD-9,,,SYNTHETIC S06C-1000-DIRTY
Dirty50,SynthDirty,,,+15554000050,HD-10,,,SYNTHETIC S06C-1000-DIRTY
Dirty51,SynthDirty,,dirty51.s06c@example.test,+15554000051,HD-10,,,SYNTHETIC S06C-1000-DIRTY
Dirty52,SynthDirty,,dirty52.s06c@example.test,+15554000052,HD-10,,,SYNTHETIC S06C-1000-DIRTY
Dirty53,SynthDirty,,dirty53.s06c@example.test,+15554000053,HD-10,,,SYNTHETIC S06C-1000-DIRTY
Dirty54,SynthDirty,,dirty54.s06c@example.test,+15554000054,HD-10,,,SYNTHETIC S06C-1000-DIRTY
Dirty55,SynthDirty,,dirty55.s06c@example.test,+15554000055,HD-11,,,SYNTHETIC S06C-1000-DIRTY
Dirty56,SynthDirty,,dirty56.s06c@example.test,+15554000056,HD-11,,,SYNTHETIC S06C-1000-DIRTY
Dirty57,SynthDirty,,dirty57.s06c@example.test,+15554000057,HD-11,,,SYNTHETIC S06C-1000-DIRTY
Dirty58,SynthDirty,,dirty58.s06c@example.test,+15554000058,HD-11,,,SYNTHETIC S06C-1000-DIRTY
Dirty59,SynthDirty,,dirty59.s06c@example.test,+15554000059,HD-11,,,SYNTHETIC S06C-1000-DIRTY
,,,dirty60.s06c@example.test,+15554000060,HD-12,,,SYNTHETIC S06C-1000-DIRTY
Dirty61,SynthDirty,,dirty61.s06c@example.test,+15554000061,HD-12,,,SYNTHETIC S06C-1000-DIRTY
Dirty62,SynthDirty,,dirty62.s06c@example.test,+15554000062,HD-12,,,SYNTHETIC S06C-1000-DIRTY
Dirty63,SynthDirty,,dirty63.s06c@example.test,+15554000063,HD-12,,,SYNTHETIC S06C-1000-DIRTY
Dirty64,SynthDirty,,dirty64.s06c@example.test,+15554000064,HD-12,,,SYNTHETIC S06C-1000-DIRTY
Dirty65,SynthDirty,,dirty65.s06c@example.test,+15554000065,HD-13,,,SYNTHETIC S06C-1000-DIRTY
Dirty66,SynthDirty,,dirty66.s06c@example.test,+15554000066,HD-13,,,SYNTHETIC S06C-1000-DIRTY
Dirty67,SynthDirty,,dirty67.s06c@example.test,+15554000067,HD-13,,,SYNTHETIC S06C-1000-DIRTY
Dirty68,SynthDirty,,dirty68.s06c@example.test,+15554000068,HD-13,,,SYNTHETIC S06C-1000-DIRTY
Dirty69,SynthDirty,,dirty69.s06c@example.test,+15554000069,HD-13,,,SYNTHETIC S06C-1000-DIRTY
Dirty70,SynthDirty,,dirty70.s06c@example.test,+15554000070,HD-14,,,@SUM(A1)
Dirty71,SynthDirty,,dirty71.s06c@example.test,+15554000071,HD-14,,,SYNTHETIC S06C-1000-DIRTY
Dirty72,SynthDirty,,dirty72.s06c@example.test,+15554000072,HD-14,,,SYNTHETIC S06C-1000-DIRTY
Dirty73,SynthDirty,,dirty73.s06c@example.test,+15554000073,HD-14,,,SYNTHETIC S06C-1000-DIRTY
Dirty74,SynthDirty,,dirty74.s06c@example.test,+15554000074,HD-14,,,SYNTHETIC S06C-1000-DIRTY
Dirty75,SynthDirty,,dirty75.s06c@example.test,+15554000075,HD-15,,,SYNTHETIC S06C-1000-DIRTY
Dirty76,SynthDirty,,dirty76.s06c@example.test,+15554000076,HD-15,,,SYNTHETIC S06C-1000-DIRTY
Dirty77,SynthDirty,,dirty77.s06c@example.test,+15554000077,HD-15,,,SYNTHETIC S06C-1000-DIRTY
Dirty78,SynthDirty,,dirty78.s06c@example.test,+15554000078,HD-15,,,SYNTHETIC S06C-1000-DIRTY
Dirty79,SynthDirty,,dirty79.s06c@example.test,+15554000079,HD-15,,,SYNTHETIC S06C-1000-DIRTY
Dirty80,SynthDirty,,not-an-email,+15554000080,HD-16,,,SYNTHETIC S06C-1000-DIRTY
Dirty81,SynthDirty,,dirty81.s06c@example.test,+15554000081,HD-16,,,SYNTHETIC S06C-1000-DIRTY
Dirty82,SynthDirty,,dirty82.s06c@example.test,+15554000082,HD-16,,,SYNTHETIC S06C-1000-DIRTY
Dirty83,SynthDirty,,dirty83.s06c@example.test,+15554000083,HD-16,,,SYNTHETIC S06C-1000-DIRTY
Dirty84,SynthDirty,,dirty84.s06c@example.test,+15554000084,HD-16,,,SYNTHETIC S06C-1000-DIRTY
Dirty85,SynthDirty,,dirty85.s06c@example.test,+15554000085,HD-17,,,SYNTHETIC S06C-1000-DIRTY
Dirty86,SynthDirty,,dirty86.s06c@example.test,+15554000086,HD-17,,,SYNTHETIC S06C-1000-DIRTY
Dirty87,SynthDirty,,dirty87.s06c@example.test,+15554000087,HD-17,,,SYNTHETIC S06C-1000-DIRTY
Dirty88,SynthDirty,,dirty88.s06c@example.test,+15554000088,HD-17,,,SYNTHETIC S06C-1000-DIRTY
Dirty89,SynthDirty,,dirty89.s06c@example.test,+15554000089,HD-17,,,SYNTHETIC S06C-1000-DIRTY
Dirty90,SynthDirty,,dirty90.s06c@example.test,=1+1,HD-18,,,SYNTHETIC S06C-1000-DIRTY
Dirty91,SynthDirty,,dirty91.s06c@example.test,+15554000091,HD-18,,,SYNTHETIC S06C-1000-DIRTY
Dirty92,SynthDirty,,dirty92.s06c@example.test,+15554000092,HD-18,,,SYNTHETIC S06C-1000-DIRTY
Dirty93,SynthDirty,,dirty93.s06c@example.test,+15554000093,HD-18,,,SYNTHETIC S06C-1000-DIRTY
Dirty94,SynthDirty,,dirty94.s06c@example.test,+15554000094,HD-18,,,SYNTHETIC S06C-1000-DIRTY
Dirty95,SynthDirty,,dirty95.s06c@example.test,+15554000095,HD-19,,,SYNTHETIC S06C-1000-DIRTY
Dirty96,SynthDirty,,dirty96.s06c@example.test,+15554000096,HD-19,,,SYNTHETIC S06C-1000-DIRTY
Dirty97,SynthDirty,,dirty97.s06c@example.test,+15554000097,HD-19,,,SYNTHETIC S06C-1000-DIRTY
Dirty98,SynthDirty,,dirty98.s06c@example.test,+15554000098,HD-19,,,SYNTHETIC S06C-1000-DIRTY
Dirty99,SynthDirty,,dirty99.s06c@example.test,+15554000099,HD-19,,,SYNTHETIC S06C-1000-DIRTY
Dirty100,SynthDirty,,,+15554000100,HD-20,,,SYNTHETIC S06C-1000-DIRTY
Dirty101,SynthDirty,,dirty101.s06c@example.test,+15554000101,HD-20,,,SYNTHETIC S06C-1000-DIRTY
Dirty102,SynthDirty,,dirty102.s06c@example.test,+15554000102,HD-20,,,SYNTHETIC S06C-1000-DIRTY
Dirty103,SynthDirty,,dirty103.s06c@example.test,+15554000103,HD-20,,,SYNTHETIC S06C-1000-DIRTY
Dirty104,SynthDirty,,dirty104.s06c@example.test,+15554000104,HD-20,,,SYNTHETIC S06C-1000-DIRTY
Dirty105,SynthDirty,,dirty105.s06c@example.test,+15554000105,HD-21,,,SYNTHETIC S06C-1000-DIRTY
Dirty106,SynthDirty,,dirty106.s06c@example.test,+15554000106,HD-21,,,SYNTHETIC S06C-1000-DIRTY
Dirty107,SynthDirty,,dirty107.s06c@example.test,+15554000107,HD-21,,,SYNTHETIC S06C-1000-DIRTY
Dirty108,SynthDirty,,dirty108.s06c@example.test,+15554000108,HD-21,,,SYNTHETIC S06C-1000-DIRTY
Dirty109,SynthDirty,,dirty109.s06c@example.test,+15554000109,HD-21,,,SYNTHETIC S06C-1000-DIRTY
Dirty110,SynthDirty,,dirty110.s06c@example.test,+15554000110,HD-22,,,SYNTHETIC S06C-1000-DIRTY
Dirty111,SynthDirty,,dirty111.s06c@example.test,+15554000111,HD-22,,,SYNTHETIC S06C-1000-DIRTY
Dirty112,SynthDirty,,dirty112.s06c@example.test,+15554000112,HD-22,,,SYNTHETIC S06C-1000-DIRTY
Dirty113,SynthDirty,,dirty113.s06c@example.test,+15554000113,HD-22,,,SYNTHETIC S06C-1000-DIRTY
Dirty114,SynthDirty,,dirty114.s06c@example.test,+15554000114,HD-22,,,SYNTHETIC S06C-1000-DIRTY
Dirty115,SynthDirty,,dirty115.s06c@example.test,+15554000115,HD-23,,,SYNTHETIC S06C-1000-DIRTY
Dirty116,SynthDirty,,dirty116.s06c@example.test,+15554000116,HD-23,,,SYNTHETIC S06C-1000-DIRTY
Dirty117,SynthDirty,,dirty117.s06c@example.test,+15554000117,HD-23,,,SYNTHETIC S06C-1000-DIRTY
Dirty118,SynthDirty,,dirty118.s06c@example.test,+15554000118,HD-23,,,SYNTHETIC S06C-1000-DIRTY
Dirty119,SynthDirty,,dirty119.s06c@example.test,+15554000119,HD-23,,,SYNTHETIC S06C-1000-DIRTY
,,,dirty120.s06c@example.test,+15554000120,HD-24,,,SYNTHETIC S06C-1000-DIRTY
Dirty121,SynthDirty,,dirty121.s06c@example.test,+15554000121,HD-24,,,SYNTHETIC S06C-1000-DIRTY
Dirty122,SynthDirty,,dirty122.s06c@example.test,+15554000122,HD-24,,,SYNTHETIC S06C-1000-DIRTY
Dirty123,SynthDirty,,dirty123.s06c@example.test,+15554000123,HD-24,,,SYNTHETIC S06C-1000-DIRTY
Dirty124,SynthDirty,,dirty124.s06c@example.test,+15554000124,HD-24,,,SYNTHETIC S06C-1000-DIRTY
Dirty125,SynthDirty,,dirty125.s06c@example.test,+15554000125,HD-25,,,SYNTHETIC S06C-1000-DIRTY
Dirty126,SynthDirty,,dirty126.s06c@example.test,+15554000126,HD-25,,,SYNTHETIC S06C-1000-DIRTY
Dirty127,SynthDirty,,dirty127.s06c@example.test,+15554000127,HD-25,,,SYNTHETIC S06C-1000-DIRTY
Dirty128,SynthDirty,,dirty128.s06c@example.test,+15554000128,HD-25,,,SYNTHETIC S06C-1000-DIRTY
Dirty129,SynthDirty,,dirty129.s06c@example.test,+15554000129,HD-25,,,SYNTHETIC S06C-1000-DIRTY
Dirty130,SynthDirty,,dirty130.s06c@example.test,+15554000130,HD-26,,,SYNTHETIC S06C-1000-DIRTY
Dirty131,SynthDirty,,dirty131.s06c@example.test,+15554000131,HD-26,,,SYNTHETIC S06C-1000-DIRTY
Dirty132,SynthDirty,,dirty132.s06c@example.test,+15554000132,HD-26,,,SYNTHETIC S06C-1000-DIRTY
Dirty133,SynthDirty,,dirty133.s06c@example.test,+15554000133,HD-26,,,SYNTHETIC S06C-1000-DIRTY
Dirty134,SynthDirty,,dirty134.s06c@example.test,+15554000134,HD-26,,,SYNTHETIC S06C-1000-DIRTY
Dirty135,SynthDirty,,dirty135.s06c@example.test,+15554000135,HD-27,,,SYNTHETIC S06C-1000-DIRTY
Dirty136,SynthDirty,,dirty136.s06c@example.test,+15554000136,HD-27,,,SYNTHETIC S06C-1000-DIRTY
Dirty137,SynthDirty,,dirty137.s06c@example.test,+15554000137,HD-27,,,SYNTHETIC S06C-1000-DIRTY
Dirty138,SynthDirty,,dirty138.s06c@example.test,+15554000138,HD-27,,,SYNTHETIC S06C-1000-DIRTY
Dirty139,SynthDirty,,dirty139.s06c@example.test,+15554000139,HD-27,,,SYNTHETIC S06C-1000-DIRTY
Dirty140,SynthDirty,,dirty140.s06c@example.test,+15554000140,HD-28,,,@SUM(A1)
Dirty141,SynthDirty,,dirty141.s06c@example.test,+15554000141,HD-28,,,SYNTHETIC S06C-1000-DIRTY
Dirty142,SynthDirty,,dirty142.s06c@example.test,+15554000142,HD-28,,,SYNTHETIC S06C-1000-DIRTY
Dirty143,SynthDirty,,dirty143.s06c@example.test,+15554000143,HD-28,,,SYNTHETIC S06C-1000-DIRTY
Dirty144,SynthDirty,,dirty144.s06c@example.test,+15554000144,HD-28,,,SYNTHETIC S06C-1000-DIRTY
Dirty145,SynthDirty,,dirty145.s06c@example.test,+15554000145,HD-29,,,SYNTHETIC S06C-1000-DIRTY
Dirty146,SynthDirty,,dirty146.s06c@example.test,+15554000146,HD-29,,,SYNTHETIC S06C-1000-DIRTY
Dirty147,SynthDirty,,dirty147.s06c@example.test,+15554000147,HD-29,,,SYNTHETIC S06C-1000-DIRTY
Dirty148,SynthDirty,,dirty148.s06c@example.test,+15554000148,HD-29,,,SYNTHETIC S06C-1000-DIRTY
Dirty149,SynthDirty,,dirty149.s06c@example.test,+15554000149,HD-29,,,SYNTHETIC S06C-1000-DIRTY
Dirty150,SynthDirty,,,+15554000150,HD-30,,,SYNTHETIC S06C-1000-DIRTY
Dirty151,SynthDirty,,dirty151.s06c@example.test,+15554000151,HD-30,,,SYNTHETIC S06C-1000-DIRTY
Dirty152,SynthDirty,,dirty152.s06c@example.test,+15554000152,HD-30,,,SYNTHETIC S06C-1000-DIRTY
Dirty153,SynthDirty,,dirty153.s06c@example.test,+15554000153,HD-30,,,SYNTHETIC S06C-1000-DIRTY
Dirty154,SynthDirty,,dirty154.s06c@example.test,+15554000154,HD-30,,,SYNTHETIC S06C-1000-DIRTY
Dirty155,SynthDirty,,dirty155.s06c@example.test,+15554000155,HD-31,,,SYNTHETIC S06C-1000-DIRTY
Dirty156,SynthDirty,,dirty156.s06c@example.test,+15554000156,HD-31,,,SYNTHETIC S06C-1000-DIRTY
Dirty157,SynthDirty,,dirty157.s06c@example.test,+15554000157,HD-31,,,SYNTHETIC S06C-1000-DIRTY
Dirty158,SynthDirty,,dirty158.s06c@example.test,+15554000158,HD-31,,,SYNTHETIC S06C-1000-DIRTY
Dirty159,SynthDirty,,dirty159.s06c@example.test,+15554000159,HD-31,,,SYNTHETIC S06C-1000-DIRTY
Dirty160,SynthDirty,,not-an-email,+15554000160,HD-32,,,SYNTHETIC S06C-1000-DIRTY
Dirty161,SynthDirty,,dirty161.s06c@example.test,+15554000161,HD-32,,,SYNTHETIC S06C-1000-DIRTY
Dirty162,SynthDirty,,dirty162.s06c@example.test,+15554000162,HD-32,,,SYNTHETIC S06C-1000-DIRTY
Dirty163,SynthDirty,,dirty163.s06c@example.test,+15554000163,HD-32,,,SYNTHETIC S06C-1000-DIRTY
Dirty164,SynthDirty,,dirty164.s06c@example.test,+15554000164,HD-32,,,SYNTHETIC S06C-1000-DIRTY
Dirty165,SynthDirty,,dirty165.s06c@example.test,+15554000165,HD-33,,,SYNTHETIC S06C-1000-DIRTY
Dirty166,SynthDirty,,dirty166.s06c@example.test,+15554000166,HD-33,,,SYNTHETIC S06C-1000-DIRTY
Dirty167,SynthDirty,,dirty167.s06c@example.test,+15554000167,HD-33,,,SYNTHETIC S06C-1000-DIRTY
Dirty168,SynthDirty,,dirty168.s06c@example.test,+15554000168,HD-33,,,SYNTHETIC S06C-1000-DIRTY
Dirty169,SynthDirty,,dirty169.s06c@example.test,+15554000169,HD-33,,,SYNTHETIC S06C-1000-DIRTY
Dirty170,SynthDirty,,dirty170.s06c@example.test,+15554000170,HD-34,,,SYNTHETIC S06C-1000-DIRTY
Dirty171,SynthDirty,,dirty171.s06c@example.test,+15554000171,HD-34,,,SYNTHETIC S06C-1000-DIRTY
Dirty172,SynthDirty,,dirty172.s06c@example.test,+15554000172,HD-34,,,SYNTHETIC S06C-1000-DIRTY
Dirty173,SynthDirty,,dirty173.s06c@example.test,+15554000173,HD-34,,,SYNTHETIC S06C-1000-DIRTY
Dirty174,SynthDirty,,dirty174.s06c@example.test,+15554000174,HD-34,,,SYNTHETIC S06C-1000-DIRTY
Dirty175,SynthDirty,,dirty175.s06c@example.test,+15554000175,HD-35,,,SYNTHETIC S06C-1000-DIRTY
Dirty176,SynthDirty,,dirty176.s06c@example.test,+15554000176,HD-35,,,SYNTHETIC S06C-1000-DIRTY
Dirty177,SynthDirty,,dirty177.s06c@example.test,+15554000177,HD-35,,,SYNTHETIC S06C-1000-DIRTY
Dirty178,SynthDirty,,dirty178.s06c@example.test,+15554000178,HD-35,,,SYNTHETIC S06C-1000-DIRTY
Dirty179,SynthDirty,,dirty179.s06c@example.test,+15554000179,HD-35,,,SYNTHETIC S06C-1000-DIRTY
,,,dirty180.s06c@example.test,=1+1,HD-36,,,SYNTHETIC S06C-1000-DIRTY
Dirty181,SynthDirty,,dirty181.s06c@example.test,+15554000181,HD-36,,,SYNTHETIC S06C-1000-DIRTY
Dirty182,SynthDirty,,dirty182.s06c@example.test,+15554000182,HD-36,,,SYNTHETIC S06C-1000-DIRTY
Dirty183,SynthDirty,,dirty183.s06c@example.test,+15554000183,HD-36,,,SYNTHETIC S06C-1000-DIRTY
Dirty184,SynthDirty,,dirty184.s06c@example.test,+15554000184,HD-36,,,SYNTHETIC S06C-1000-DIRTY
Dirty185,SynthDirty,,dirty185.s06c@example.test,+15554000185,HD-37,,,SYNTHETIC S06C-1000-DIRTY
Dirty186,SynthDirty,,dirty186.s06c@example.test,+15554000186,HD-37,,,SYNTHETIC S06C-1000-DIRTY
Dirty187,SynthDirty,,dirty187.s06c@example.test,+15554000187,HD-37,,,SYNTHETIC S06C-1000-DIRTY
Dirty188,SynthDirty,,dirty188.s06c@example.test,+15554000188,HD-37,,,SYNTHETIC S06C-1000-DIRTY
Dirty189,SynthDirty,,dirty189.s06c@example.test,+15554000189,HD-37,,,SYNTHETIC S06C-1000-DIRTY
Dirty190,SynthDirty,,dirty190.s06c@example.test,+15554000190,HD-38,,,SYNTHETIC S06C-1000-DIRTY
Dirty191,SynthDirty,,dirty191.s06c@example.test,+15554000191,HD-38,,,SYNTHETIC S06C-1000-DIRTY
Dirty192,SynthDirty,,dirty192.s06c@example.test,+15554000192,HD-38,,,SYNTHETIC S06C-1000-DIRTY
Dirty193,SynthDirty,,dirty193.s06c@example.test,+15554000193,HD-38,,,SYNTHETIC S06C-1000-DIRTY
Dirty194,SynthDirty,,dirty194.s06c@example.test,+15554000194,HD-38,,,SYNTHETIC S06C-1000-DIRTY
Dirty195,SynthDirty,,dirty195.s06c@example.test,+15554000195,HD-39,,,SYNTHETIC S06C-1000-DIRTY
Dirty196,SynthDirty,,dirty196.s06c@example.test,+15554000196,HD-39,,,SYNTHETIC S06C-1000-DIRTY
Dirty197,SynthDirty,,dirty197.s06c@example.test,+15554000197,HD-39,,,SYNTHETIC S06C-1000-DIRTY
Dirty198,SynthDirty,,dirty198.s06c@example.test,+15554000198,HD-39,,,SYNTHETIC S06C-1000-DIRTY
Dirty199,SynthDirty,,dirty199.s06c@example.test,+15554000199,HD-39,,,SYNTHETIC S06C-1000-DIRTY
Dirty200,SynthDirty,,,+15554000200,HD-40,,,SYNTHETIC S06C-1000-DIRTY
Dirty201,SynthDirty,,dirty201.s06c@example.test,+15554000201,HD-40,,,SYNTHETIC S06C-1000-DIRTY
Dirty202,SynthDirty,,dirty202.s06c@example.test,+15554000202,HD-40,,,SYNTHETIC S06C-1000-DIRTY
Dirty203,SynthDirty,,dirty203.s06c@example.test,+15554000203,HD-40,,,SYNTHETIC S06C-1000-DIRTY
Dirty204,SynthDirty,,dirty204.s06c@example.test,+15554000204,HD-40,,,SYNTHETIC S06C-1000-DIRTY
Dirty205,SynthDirty,,dirty205.s06c@example.test,+15554000205,HD-41,,,SYNTHETIC S06C-1000-DIRTY
Dirty206,SynthDirty,,dirty206.s06c@example.test,+15554000206,HD-41,,,SYNTHETIC S06C-1000-DIRTY
Dirty207,SynthDirty,,dirty207.s06c@example.test,+15554000207,HD-41,,,SYNTHETIC S06C-1000-DIRTY
Dirty208,SynthDirty,,dirty208.s06c@example.test,+15554000208,HD-41,,,SYNTHETIC S06C-1000-DIRTY
Dirty209,SynthDirty,,dirty209.s06c@example.test,+15554000209,HD-41,,,SYNTHETIC S06C-1000-DIRTY
Dirty210,SynthDirty,,dirty210.s06c@example.test,+15554000210,HD-42,,,@SUM(A1)
Dirty211,SynthDirty,,dirty211.s06c@example.test,+15554000211,HD-42,,,SYNTHETIC S06C-1000-DIRTY
Dirty212,SynthDirty,,dirty212.s06c@example.test,+15554000212,HD-42,,,SYNTHETIC S06C-1000-DIRTY
Dirty213,SynthDirty,,dirty213.s06c@example.test,+15554000213,HD-42,,,SYNTHETIC S06C-1000-DIRTY
Dirty214,SynthDirty,,dirty214.s06c@example.test,+15554000214,HD-42,,,SYNTHETIC S06C-1000-DIRTY
Dirty215,SynthDirty,,dirty215.s06c@example.test,+15554000215,HD-43,,,SYNTHETIC S06C-1000-DIRTY
Dirty216,SynthDirty,,dirty216.s06c@example.test,+15554000216,HD-43,,,SYNTHETIC S06C-1000-DIRTY
Dirty217,SynthDirty,,dirty217.s06c@example.test,+15554000217,HD-43,,,SYNTHETIC S06C-1000-DIRTY
Dirty218,SynthDirty,,dirty218.s06c@example.test,+15554000218,HD-43,,,SYNTHETIC S06C-1000-DIRTY
Dirty219,SynthDirty,,dirty219.s06c@example.test,+15554000219,HD-43,,,SYNTHETIC S06C-1000-DIRTY
Dirty220,SynthDirty,,dirty220.s06c@example.test,+15554000220,HD-44,,,SYNTHETIC S06C-1000-DIRTY
Dirty221,SynthDirty,,dirty221.s06c@example.test,+15554000221,HD-44,,,SYNTHETIC S06C-1000-DIRTY
Dirty222,SynthDirty,,dirty222.s06c@example.test,+15554000222,HD-44,,,SYNTHETIC S06C-1000-DIRTY
Dirty223,SynthDirty,,dirty223.s06c@example.test,+15554000223,HD-44,,,SYNTHETIC S06C-1000-DIRTY
Dirty224,SynthDirty,,dirty224.s06c@example.test,+15554000224,HD-44,,,SYNTHETIC S06C-1000-DIRTY
Dirty225,SynthDirty,,dirty225.s06c@example.test,+15554000225,HD-45,,,SYNTHETIC S06C-1000-DIRTY
Dirty226,SynthDirty,,dirty226.s06c@example.test,+15554000226,HD-45,,,SYNTHETIC S06C-1000-DIRTY
Dirty227,SynthDirty,,dirty227.s06c@example.test,+15554000227,HD-45,,,SYNTHETIC S06C-1000-DIRTY
Dirty228,SynthDirty,,dirty228.s06c@example.test,+15554000228,HD-45,,,SYNTHETIC S06C-1000-DIRTY
Dirty229,SynthDirty,,dirty229.s06c@example.test,+15554000229,HD-45,,,SYNTHETIC S06C-1000-DIRTY
Dirty230,SynthDirty,,dirty230.s06c@example.test,+15554000230,HD-46,,,SYNTHETIC S06C-1000-DIRTY
Dirty231,SynthDirty,,dirty231.s06c@example.test,+15554000231,HD-46,,,SYNTHETIC S06C-1000-DIRTY
Dirty232,SynthDirty,,dirty232.s06c@example.test,+15554000232,HD-46,,,SYNTHETIC S06C-1000-DIRTY
Dirty233,SynthDirty,,dirty233.s06c@example.test,+15554000233,HD-46,,,SYNTHETIC S06C-1000-DIRTY
Dirty234,SynthDirty,,dirty234.s06c@example.test,+15554000234,HD-46,,,SYNTHETIC S06C-1000-DIRTY
Dirty235,SynthDirty,,dirty235.s06c@example.test,+15554000235,HD-47,,,SYNTHETIC S06C-1000-DIRTY
Dirty236,SynthDirty,,dirty236.s06c@example.test,+15554000236,HD-47,,,SYNTHETIC S06C-1000-DIRTY
Dirty237,SynthDirty,,dirty237.s06c@example.test,+15554000237,HD-47,,,SYNTHETIC S06C-1000-DIRTY
Dirty238,SynthDirty,,dirty238.s06c@example.test,+15554000238,HD-47,,,SYNTHETIC S06C-1000-DIRTY
Dirty239,SynthDirty,,dirty239.s06c@example.test,+15554000239,HD-47,,,SYNTHETIC S06C-1000-DIRTY
,,,not-an-email,+15554000240,HD-48,,,SYNTHETIC S06C-1000-DIRTY
Dirty241,SynthDirty,,dirty241.s06c@example.test,+15554000241,HD-48,,,SYNTHETIC S06C-1000-DIRTY
Dirty242,SynthDirty,,dirty242.s06c@example.test,+15554000242,HD-48,,,SYNTHETIC S06C-1000-DIRTY
Dirty243,SynthDirty,,dirty243.s06c@example.test,+15554000243,HD-48,,,SYNTHETIC S06C-1000-DIRTY
Dirty244,SynthDirty,,dirty244.s06c@example.test,+15554000244,HD-48,,,SYNTHETIC S06C-1000-DIRTY
Dirty245,SynthDirty,,dirty245.s06c@example.test,+15554000245,HD-49,,,SYNTHETIC S06C-1000-DIRTY
Dirty246,SynthDirty,,dirty246.s06c@example.test,+15554000246,HD-49,,,SYNTHETIC S06C-1000-DIRTY
Dirty247,SynthDirty,,dirty247.s06c@example.test,+15554000247,HD-49,,,SYNTHETIC S06C-1000-DIRTY
Dirty248,SynthDirty,,dirty248.s06c@example.test,+15554000248,HD-49,,,SYNTHETIC S06C-1000-DIRTY
Dirty249,SynthDirty,,dirty249.s06c@example.test,+15554000249,HD-49,,,SYNTHETIC S06C-1000-DIRTY
Dirty250,SynthDirty,,,+15554000250,HD-50,,,SYNTHETIC S06C-1000-DIRTY
Dirty251,SynthDirty,,dirty251.s06c@example.test,+15554000251,HD-50,,,SYNTHETIC S06C-1000-DIRTY
Dirty252,SynthDirty,,dirty252.s06c@example.test,+15554000252,HD-50,,,SYNTHETIC S06C-1000-DIRTY
Dirty253,SynthDirty,,dirty253.s06c@example.test,+15554000253,HD-50,,,SYNTHETIC S06C-1000-DIRTY
Dirty254,SynthDirty,,dirty254.s06c@example.test,+15554000254,HD-50,,,SYNTHETIC S06C-1000-DIRTY
Dirty255,SynthDirty,,dirty255.s06c@example.test,+15554000255,HD-51,,,SYNTHETIC S06C-1000-DIRTY
Dirty256,SynthDirty,,dirty256.s06c@example.test,+15554000256,HD-51,,,SYNTHETIC S06C-1000-DIRTY
Dirty257,SynthDirty,,dirty257.s06c@example.test,+15554000257,HD-51,,,SYNTHETIC S06C-1000-DIRTY
Dirty258,SynthDirty,,dirty258.s06c@example.test,+15554000258,HD-51,,,SYNTHETIC S06C-1000-DIRTY
Dirty259,SynthDirty,,dirty259.s06c@example.test,+15554000259,HD-51,,,SYNTHETIC S06C-1000-DIRTY
Dirty260,SynthDirty,,dirty260.s06c@example.test,+15554000260,HD-52,,,SYNTHETIC S06C-1000-DIRTY
Dirty261,SynthDirty,,dirty261.s06c@example.test,+15554000261,HD-52,,,SYNTHETIC S06C-1000-DIRTY
Dirty262,SynthDirty,,dirty262.s06c@example.test,+15554000262,HD-52,,,SYNTHETIC S06C-1000-DIRTY
Dirty263,SynthDirty,,dirty263.s06c@example.test,+15554000263,HD-52,,,SYNTHETIC S06C-1000-DIRTY
Dirty264,SynthDirty,,dirty264.s06c@example.test,+15554000264,HD-52,,,SYNTHETIC S06C-1000-DIRTY
Dirty265,SynthDirty,,dirty265.s06c@example.test,+15554000265,HD-53,,,SYNTHETIC S06C-1000-DIRTY
Dirty266,SynthDirty,,dirty266.s06c@example.test,+15554000266,HD-53,,,SYNTHETIC S06C-1000-DIRTY
Dirty267,SynthDirty,,dirty267.s06c@example.test,+15554000267,HD-53,,,SYNTHETIC S06C-1000-DIRTY
Dirty268,SynthDirty,,dirty268.s06c@example.test,+15554000268,HD-53,,,SYNTHETIC S06C-1000-DIRTY
Dirty269,SynthDirty,,dirty269.s06c@example.test,+15554000269,HD-53,,,SYNTHETIC S06C-1000-DIRTY
Dirty270,SynthDirty,,dirty270.s06c@example.test,=1+1,HD-54,,,SYNTHETIC S06C-1000-DIRTY
Dirty271,SynthDirty,,dirty271.s06c@example.test,+15554000271,HD-54,,,SYNTHETIC S06C-1000-DIRTY
Dirty272,SynthDirty,,dirty272.s06c@example.test,+15554000272,HD-54,,,SYNTHETIC S06C-1000-DIRTY
Dirty273,SynthDirty,,dirty273.s06c@example.test,+15554000273,HD-54,,,SYNTHETIC S06C-1000-DIRTY
Dirty274,SynthDirty,,dirty274.s06c@example.test,+15554000274,HD-54,,,SYNTHETIC S06C-1000-DIRTY
Dirty275,SynthDirty,,dirty275.s06c@example.test,+15554000275,HD-55,,,SYNTHETIC S06C-1000-DIRTY
Dirty276,SynthDirty,,dirty276.s06c@example.test,+15554000276,HD-55,,,SYNTHETIC S06C-1000-DIRTY
Dirty277,SynthDirty,,dirty277.s06c@example.test,+15554000277,HD-55,,,SYNTHETIC S06C-1000-DIRTY
Dirty278,SynthDirty,,dirty278.s06c@example.test,+15554000278,HD-55,,,SYNTHETIC S06C-1000-DIRTY
Dirty279,SynthDirty,,dirty279.s06c@example.test,+15554000279,HD-55,,,SYNTHETIC S06C-1000-DIRTY
Dirty280,SynthDirty,,dirty280.s06c@example.test,+15554000280,HD-56,,,@SUM(A1)
Dirty281,SynthDirty,,dirty281.s06c@example.test,+15554000281,HD-56,,,SYNTHETIC S06C-1000-DIRTY
Dirty282,SynthDirty,,dirty282.s06c@example.test,+15554000282,HD-56,,,SYNTHETIC S06C-1000-DIRTY
Dirty283,SynthDirty,,dirty283.s06c@example.test,+15554000283,HD-56,,,SYNTHETIC S06C-1000-DIRTY
Dirty284,SynthDirty,,dirty284.s06c@example.test,+15554000284,HD-56,,,SYNTHETIC S06C-1000-DIRTY
Dirty285,SynthDirty,,dirty285.s06c@example.test,+15554000285,HD-57,,,SYNTHETIC S06C-1000-DIRTY
Dirty286,SynthDirty,,dirty286.s06c@example.test,+15554000286,HD-57,,,SYNTHETIC S06C-1000-DIRTY
Dirty287,SynthDirty,,dirty287.s06c@example.test,+15554000287,HD-57,,,SYNTHETIC S06C-1000-DIRTY
Dirty288,SynthDirty,,dirty288.s06c@example.test,+15554000288,HD-57,,,SYNTHETIC S06C-1000-DIRTY
Dirty289,SynthDirty,,dirty289.s06c@example.test,+15554000289,HD-57,,,SYNTHETIC S06C-1000-DIRTY
Dirty290,SynthDirty,,dirty290.s06c@example.test,+15554000290,HD-58,,,SYNTHETIC S06C-1000-DIRTY
Dirty291,SynthDirty,,dirty291.s06c@example.test,+15554000291,HD-58,,,SYNTHETIC S06C-1000-DIRTY
Dirty292,SynthDirty,,dirty292.s06c@example.test,+15554000292,HD-58,,,SYNTHETIC S06C-1000-DIRTY
Dirty293,SynthDirty,,dirty293.s06c@example.test,+15554000293,HD-58,,,SYNTHETIC S06C-1000-DIRTY
Dirty294,SynthDirty,,dirty294.s06c@example.test,+15554000294,HD-58,,,SYNTHETIC S06C-1000-DIRTY
Dirty295,SynthDirty,,dirty295.s06c@example.test,+15554000295,HD-59,,,SYNTHETIC S06C-1000-DIRTY
Dirty296,SynthDirty,,dirty296.s06c@example.test,+15554000296,HD-59,,,SYNTHETIC S06C-1000-DIRTY
Dirty297,SynthDirty,,dirty297.s06c@example.test,+15554000297,HD-59,,,SYNTHETIC S06C-1000-DIRTY
Dirty298,SynthDirty,,dirty298.s06c@example.test,+15554000298,HD-59,,,SYNTHETIC S06C-1000-DIRTY
Dirty299,SynthDirty,,dirty299.s06c@example.test,+15554000299,HD-59,,,SYNTHETIC S06C-1000-DIRTY
,,,,+15554000300,HD-60,,,SYNTHETIC S06C-1000-DIRTY
Dirty301,SynthDirty,,dirty301.s06c@example.test,+15554000301,HD-60,,,SYNTHETIC S06C-1000-DIRTY
Dirty302,SynthDirty,,dirty302.s06c@example.test,+15554000302,HD-60,,,SYNTHETIC S06C-1000-DIRTY
Dirty303,SynthDirty,,dirty303.s06c@example.test,+15554000303,HD-60,,,SYNTHETIC S06C-1000-DIRTY
Dirty304,SynthDirty,,dirty304.s06c@example.test,+15554000304,HD-60,,,SYNTHETIC S06C-1000-DIRTY
Dirty305,SynthDirty,,dirty305.s06c@example.test,+15554000305,HD-61,,,SYNTHETIC S06C-1000-DIRTY
Dirty306,SynthDirty,,dirty306.s06c@example.test,+15554000306,HD-61,,,SYNTHETIC S06C-1000-DIRTY
Dirty307,SynthDirty,,dirty307.s06c@example.test,+15554000307,HD-61,,,SYNTHETIC S06C-1000-DIRTY
Dirty308,SynthDirty,,dirty308.s06c@example.test,+15554000308,HD-61,,,SYNTHETIC S06C-1000-DIRTY
Dirty309,SynthDirty,,dirty309.s06c@example.test,+15554000309,HD-61,,,SYNTHETIC S06C-1000-DIRTY
Dirty310,SynthDirty,,dirty310.s06c@example.test,+15554000310,HD-62,,,SYNTHETIC S06C-1000-DIRTY
Dirty311,SynthDirty,,dirty311.s06c@example.test,+15554000311,HD-62,,,SYNTHETIC S06C-1000-DIRTY
Dirty312,SynthDirty,,dirty312.s06c@example.test,+15554000312,HD-62,,,SYNTHETIC S06C-1000-DIRTY
Dirty313,SynthDirty,,dirty313.s06c@example.test,+15554000313,HD-62,,,SYNTHETIC S06C-1000-DIRTY
Dirty314,SynthDirty,,dirty314.s06c@example.test,+15554000314,HD-62,,,SYNTHETIC S06C-1000-DIRTY
Dirty315,SynthDirty,,dirty315.s06c@example.test,+15554000315,HD-63,,,SYNTHETIC S06C-1000-DIRTY
Dirty316,SynthDirty,,dirty316.s06c@example.test,+15554000316,HD-63,,,SYNTHETIC S06C-1000-DIRTY
Dirty317,SynthDirty,,dirty317.s06c@example.test,+15554000317,HD-63,,,SYNTHETIC S06C-1000-DIRTY
Dirty318,SynthDirty,,dirty318.s06c@example.test,+15554000318,HD-63,,,SYNTHETIC S06C-1000-DIRTY
Dirty319,SynthDirty,,dirty319.s06c@example.test,+15554000319,HD-63,,,SYNTHETIC S06C-1000-DIRTY
Dirty320,SynthDirty,,not-an-email,+15554000320,HD-64,,,SYNTHETIC S06C-1000-DIRTY
Dirty321,SynthDirty,,dirty321.s06c@example.test,+15554000321,HD-64,,,SYNTHETIC S06C-1000-DIRTY
Dirty322,SynthDirty,,dirty322.s06c@example.test,+15554000322,HD-64,,,SYNTHETIC S06C-1000-DIRTY
Dirty323,SynthDirty,,dirty323.s06c@example.test,+15554000323,HD-64,,,SYNTHETIC S06C-1000-DIRTY
Dirty324,SynthDirty,,dirty324.s06c@example.test,+15554000324,HD-64,,,SYNTHETIC S06C-1000-DIRTY
Dirty325,SynthDirty,,dirty325.s06c@example.test,+15554000325,HD-65,,,SYNTHETIC S06C-1000-DIRTY
Dirty326,SynthDirty,,dirty326.s06c@example.test,+15554000326,HD-65,,,SYNTHETIC S06C-1000-DIRTY
Dirty327,SynthDirty,,dirty327.s06c@example.test,+15554000327,HD-65,,,SYNTHETIC S06C-1000-DIRTY
Dirty328,SynthDirty,,dirty328.s06c@example.test,+15554000328,HD-65,,,SYNTHETIC S06C-1000-DIRTY
Dirty329,SynthDirty,,dirty329.s06c@example.test,+15554000329,HD-65,,,SYNTHETIC S06C-1000-DIRTY
Dirty330,SynthDirty,,dirty330.s06c@example.test,+15554000330,HD-66,,,SYNTHETIC S06C-1000-DIRTY
Dirty331,SynthDirty,,dirty331.s06c@example.test,+15554000331,HD-66,,,SYNTHETIC S06C-1000-DIRTY
Dirty332,SynthDirty,,dirty332.s06c@example.test,+15554000332,HD-66,,,SYNTHETIC S06C-1000-DIRTY
Dirty333,SynthDirty,,dirty333.s06c@example.test,+15554000333,HD-66,,,SYNTHETIC S06C-1000-DIRTY
Dirty334,SynthDirty,,dirty334.s06c@example.test,+15554000334,HD-66,,,SYNTHETIC S06C-1000-DIRTY
Dirty335,SynthDirty,,dirty335.s06c@example.test,+15554000335,HD-67,,,SYNTHETIC S06C-1000-DIRTY
Dirty336,SynthDirty,,dirty336.s06c@example.test,+15554000336,HD-67,,,SYNTHETIC S06C-1000-DIRTY
Dirty337,SynthDirty,,dirty337.s06c@example.test,+15554000337,HD-67,,,SYNTHETIC S06C-1000-DIRTY
Dirty338,SynthDirty,,dirty338.s06c@example.test,+15554000338,HD-67,,,SYNTHETIC S06C-1000-DIRTY
Dirty339,SynthDirty,,dirty339.s06c@example.test,+15554000339,HD-67,,,SYNTHETIC S06C-1000-DIRTY
Dirty340,SynthDirty,,dirty340.s06c@example.test,+15554000340,HD-68,,,SYNTHETIC S06C-1000-DIRTY
Dirty341,SynthDirty,,dirty341.s06c@example.test,+15554000341,HD-68,,,SYNTHETIC S06C-1000-DIRTY
Dirty342,SynthDirty,,dirty342.s06c@example.test,+15554000342,HD-68,,,SYNTHETIC S06C-1000-DIRTY
Dirty343,SynthDirty,,dirty343.s06c@example.test,+15554000343,HD-68,,,SYNTHETIC S06C-1000-DIRTY
Dirty344,SynthDirty,,dirty344.s06c@example.test,+15554000344,HD-68,,,SYNTHETIC S06C-1000-DIRTY
Dirty345,SynthDirty,,dirty345.s06c@example.test,+15554000345,HD-69,,,SYNTHETIC S06C-1000-DIRTY
Dirty346,SynthDirty,,dirty346.s06c@example.test,+15554000346,HD-69,,,SYNTHETIC S06C-1000-DIRTY
Dirty347,SynthDirty,,dirty347.s06c@example.test,+15554000347,HD-69,,,SYNTHETIC S06C-1000-DIRTY
Dirty348,SynthDirty,,dirty348.s06c@example.test,+15554000348,HD-69,,,SYNTHETIC S06C-1000-DIRTY
Dirty349,SynthDirty,,dirty349.s06c@example.test,+15554000349,HD-69,,,SYNTHETIC S06C-1000-DIRTY
Dirty350,SynthDirty,,,+15554000350,HD-70,,,@SUM(A1)
Dirty351,SynthDirty,,dirty351.s06c@example.test,+15554000351,HD-70,,,SYNTHETIC S06C-1000-DIRTY
Dirty352,SynthDirty,,dirty352.s06c@example.test,+15554000352,HD-70,,,SYNTHETIC S06C-1000-DIRTY
Dirty353,SynthDirty,,dirty353.s06c@example.test,+15554000353,HD-70,,,SYNTHETIC S06C-1000-DIRTY
Dirty354,SynthDirty,,dirty354.s06c@example.test,+15554000354,HD-70,,,SYNTHETIC S06C-1000-DIRTY
Dirty355,SynthDirty,,dirty355.s06c@example.test,+15554000355,HD-71,,,SYNTHETIC S06C-1000-DIRTY
Dirty356,SynthDirty,,dirty356.s06c@example.test,+15554000356,HD-71,,,SYNTHETIC S06C-1000-DIRTY
Dirty357,SynthDirty,,dirty357.s06c@example.test,+15554000357,HD-71,,,SYNTHETIC S06C-1000-DIRTY
Dirty358,SynthDirty,,dirty358.s06c@example.test,+15554000358,HD-71,,,SYNTHETIC S06C-1000-DIRTY
Dirty359,SynthDirty,,dirty359.s06c@example.test,+15554000359,HD-71,,,SYNTHETIC S06C-1000-DIRTY
,,,dirty360.s06c@example.test,=1+1,HD-72,,,SYNTHETIC S06C-1000-DIRTY
Dirty361,SynthDirty,,dirty361.s06c@example.test,+15554000361,HD-72,,,SYNTHETIC S06C-1000-DIRTY
Dirty362,SynthDirty,,dirty362.s06c@example.test,+15554000362,HD-72,,,SYNTHETIC S06C-1000-DIRTY
Dirty363,SynthDirty,,dirty363.s06c@example.test,+15554000363,HD-72,,,SYNTHETIC S06C-1000-DIRTY
Dirty364,SynthDirty,,dirty364.s06c@example.test,+15554000364,HD-72,,,SYNTHETIC S06C-1000-DIRTY
Dirty365,SynthDirty,,dirty365.s06c@example.test,+15554000365,HD-73,,,SYNTHETIC S06C-1000-DIRTY
Dirty366,SynthDirty,,dirty366.s06c@example.test,+15554000366,HD-73,,,SYNTHETIC S06C-1000-DIRTY
Dirty367,SynthDirty,,dirty367.s06c@example.test,+15554000367,HD-73,,,SYNTHETIC S06C-1000-DIRTY
Dirty368,SynthDirty,,dirty368.s06c@example.test,+15554000368,HD-73,,,SYNTHETIC S06C-1000-DIRTY
Dirty369,SynthDirty,,dirty369.s06c@example.test,+15554000369,HD-73,,,SYNTHETIC S06C-1000-DIRTY
Dirty370,SynthDirty,,dirty370.s06c@example.test,+15554000370,HD-74,,,SYNTHETIC S06C-1000-DIRTY
Dirty371,SynthDirty,,dirty371.s06c@example.test,+15554000371,HD-74,,,SYNTHETIC S06C-1000-DIRTY
Dirty372,SynthDirty,,dirty372.s06c@example.test,+15554000372,HD-74,,,SYNTHETIC S06C-1000-DIRTY
Dirty373,SynthDirty,,dirty373.s06c@example.test,+15554000373,HD-74,,,SYNTHETIC S06C-1000-DIRTY
Dirty374,SynthDirty,,dirty374.s06c@example.test,+15554000374,HD-74,,,SYNTHETIC S06C-1000-DIRTY
Dirty375,SynthDirty,,dirty375.s06c@example.test,+15554000375,HD-75,,,SYNTHETIC S06C-1000-DIRTY
Dirty376,SynthDirty,,dirty376.s06c@example.test,+15554000376,HD-75,,,SYNTHETIC S06C-1000-DIRTY
Dirty377,SynthDirty,,dirty377.s06c@example.test,+15554000377,HD-75,,,SYNTHETIC S06C-1000-DIRTY
Dirty378,SynthDirty,,dirty378.s06c@example.test,+15554000378,HD-75,,,SYNTHETIC S06C-1000-DIRTY
Dirty379,SynthDirty,,dirty379.s06c@example.test,+15554000379,HD-75,,,SYNTHETIC S06C-1000-DIRTY
Dirty380,SynthDirty,,dirty380.s06c@example.test,+15554000380,HD-76,,,SYNTHETIC S06C-1000-DIRTY
Dirty381,SynthDirty,,dirty381.s06c@example.test,+15554000381,HD-76,,,SYNTHETIC S06C-1000-DIRTY
Dirty382,SynthDirty,,dirty382.s06c@example.test,+15554000382,HD-76,,,SYNTHETIC S06C-1000-DIRTY
Dirty383,SynthDirty,,dirty383.s06c@example.test,+15554000383,HD-76,,,SYNTHETIC S06C-1000-DIRTY
Dirty384,SynthDirty,,dirty384.s06c@example.test,+15554000384,HD-76,,,SYNTHETIC S06C-1000-DIRTY
Dirty385,SynthDirty,,dirty385.s06c@example.test,+15554000385,HD-77,,,SYNTHETIC S06C-1000-DIRTY
Dirty386,SynthDirty,,dirty386.s06c@example.test,+15554000386,HD-77,,,SYNTHETIC S06C-1000-DIRTY
Dirty387,SynthDirty,,dirty387.s06c@example.test,+15554000387,HD-77,,,SYNTHETIC S06C-1000-DIRTY
Dirty388,SynthDirty,,dirty388.s06c@example.test,+15554000388,HD-77,,,SYNTHETIC S06C-1000-DIRTY
Dirty389,SynthDirty,,dirty389.s06c@example.test,+15554000389,HD-77,,,SYNTHETIC S06C-1000-DIRTY
Dirty390,SynthDirty,,dirty390.s06c@example.test,+15554000390,HD-78,,,SYNTHETIC S06C-1000-DIRTY
Dirty391,SynthDirty,,dirty391.s06c@example.test,+15554000391,HD-78,,,SYNTHETIC S06C-1000-DIRTY
Dirty392,SynthDirty,,dirty392.s06c@example.test,+15554000392,HD-78,,,SYNTHETIC S06C-1000-DIRTY
Dirty393,SynthDirty,,dirty393.s06c@example.test,+15554000393,HD-78,,,SYNTHETIC S06C-1000-DIRTY
Dirty394,SynthDirty,,dirty394.s06c@example.test,+15554000394,HD-78,,,SYNTHETIC S06C-1000-DIRTY
Dirty395,SynthDirty,,dirty395.s06c@example.test,+15554000395,HD-79,,,SYNTHETIC S06C-1000-DIRTY
Dirty396,SynthDirty,,dirty396.s06c@example.test,+15554000396,HD-79,,,SYNTHETIC S06C-1000-DIRTY
Dirty397,SynthDirty,,dirty397.s06c@example.test,+15554000397,HD-79,,,SYNTHETIC S06C-1000-DIRTY
Dirty398,SynthDirty,,dirty398.s06c@example.test,+15554000398,HD-79,,,SYNTHETIC S06C-1000-DIRTY
Dirty399,SynthDirty,,dirty399.s06c@example.test,+15554000399,HD-79,,,SYNTHETIC S06C-1000-DIRTY
Dirty400,SynthDirty,,not-an-email,+15554000400,HD-80,,,SYNTHETIC S06C-1000-DIRTY
Dirty401,SynthDirty,,dirty401.s06c@example.test,+15554000401,HD-80,,,SYNTHETIC S06C-1000-DIRTY
Dirty402,SynthDirty,,dirty402.s06c@example.test,+15554000402,HD-80,,,SYNTHETIC S06C-1000-DIRTY
Dirty403,SynthDirty,,dirty403.s06c@example.test,+15554000403,HD-80,,,SYNTHETIC S06C-1000-DIRTY
Dirty404,SynthDirty,,dirty404.s06c@example.test,+15554000404,HD-80,,,SYNTHETIC S06C-1000-DIRTY
Dirty405,SynthDirty,,dirty405.s06c@example.test,+15554000405,HD-81,,,SYNTHETIC S06C-1000-DIRTY
Dirty406,SynthDirty,,dirty406.s06c@example.test,+15554000406,HD-81,,,SYNTHETIC S06C-1000-DIRTY
Dirty407,SynthDirty,,dirty407.s06c@example.test,+15554000407,HD-81,,,SYNTHETIC S06C-1000-DIRTY
Dirty408,SynthDirty,,dirty408.s06c@example.test,+15554000408,HD-81,,,SYNTHETIC S06C-1000-DIRTY
Dirty409,SynthDirty,,dirty409.s06c@example.test,+15554000409,HD-81,,,SYNTHETIC S06C-1000-DIRTY
Dirty410,SynthDirty,,dirty410.s06c@example.test,+15554000410,HD-82,,,SYNTHETIC S06C-1000-DIRTY
Dirty411,SynthDirty,,dirty411.s06c@example.test,+15554000411,HD-82,,,SYNTHETIC S06C-1000-DIRTY
Dirty412,SynthDirty,,dirty412.s06c@example.test,+15554000412,HD-82,,,SYNTHETIC S06C-1000-DIRTY
Dirty413,SynthDirty,,dirty413.s06c@example.test,+15554000413,HD-82,,,SYNTHETIC S06C-1000-DIRTY
Dirty414,SynthDirty,,dirty414.s06c@example.test,+15554000414,HD-82,,,SYNTHETIC S06C-1000-DIRTY
Dirty415,SynthDirty,,dirty415.s06c@example.test,+15554000415,HD-83,,,SYNTHETIC S06C-1000-DIRTY
Dirty416,SynthDirty,,dirty416.s06c@example.test,+15554000416,HD-83,,,SYNTHETIC S06C-1000-DIRTY
Dirty417,SynthDirty,,dirty417.s06c@example.test,+15554000417,HD-83,,,SYNTHETIC S06C-1000-DIRTY
Dirty418,SynthDirty,,dirty418.s06c@example.test,+15554000418,HD-83,,,SYNTHETIC S06C-1000-DIRTY
Dirty419,SynthDirty,,dirty419.s06c@example.test,+15554000419,HD-83,,,SYNTHETIC S06C-1000-DIRTY
,,,dirty420.s06c@example.test,+15554000420,HD-84,,,@SUM(A1)
Dirty421,SynthDirty,,dirty421.s06c@example.test,+15554000421,HD-84,,,SYNTHETIC S06C-1000-DIRTY
Dirty422,SynthDirty,,dirty422.s06c@example.test,+15554000422,HD-84,,,SYNTHETIC S06C-1000-DIRTY
Dirty423,SynthDirty,,dirty423.s06c@example.test,+15554000423,HD-84,,,SYNTHETIC S06C-1000-DIRTY
Dirty424,SynthDirty,,dirty424.s06c@example.test,+15554000424,HD-84,,,SYNTHETIC S06C-1000-DIRTY
Dirty425,SynthDirty,,dirty425.s06c@example.test,+15554000425,HD-85,,,SYNTHETIC S06C-1000-DIRTY
Dirty426,SynthDirty,,dirty426.s06c@example.test,+15554000426,HD-85,,,SYNTHETIC S06C-1000-DIRTY
Dirty427,SynthDirty,,dirty427.s06c@example.test,+15554000427,HD-85,,,SYNTHETIC S06C-1000-DIRTY
Dirty428,SynthDirty,,dirty428.s06c@example.test,+15554000428,HD-85,,,SYNTHETIC S06C-1000-DIRTY
Dirty429,SynthDirty,,dirty429.s06c@example.test,+15554000429,HD-85,,,SYNTHETIC S06C-1000-DIRTY
Dirty430,SynthDirty,,dirty430.s06c@example.test,+15554000430,HD-86,,,SYNTHETIC S06C-1000-DIRTY
Dirty431,SynthDirty,,dirty431.s06c@example.test,+15554000431,HD-86,,,SYNTHETIC S06C-1000-DIRTY
Dirty432,SynthDirty,,dirty432.s06c@example.test,+15554000432,HD-86,,,SYNTHETIC S06C-1000-DIRTY
Dirty433,SynthDirty,,dirty433.s06c@example.test,+15554000433,HD-86,,,SYNTHETIC S06C-1000-DIRTY
Dirty434,SynthDirty,,dirty434.s06c@example.test,+15554000434,HD-86,,,SYNTHETIC S06C-1000-DIRTY
Dirty435,SynthDirty,,dirty435.s06c@example.test,+15554000435,HD-87,,,SYNTHETIC S06C-1000-DIRTY
Dirty436,SynthDirty,,dirty436.s06c@example.test,+15554000436,HD-87,,,SYNTHETIC S06C-1000-DIRTY
Dirty437,SynthDirty,,dirty437.s06c@example.test,+15554000437,HD-87,,,SYNTHETIC S06C-1000-DIRTY
Dirty438,SynthDirty,,dirty438.s06c@example.test,+15554000438,HD-87,,,SYNTHETIC S06C-1000-DIRTY
Dirty439,SynthDirty,,dirty439.s06c@example.test,+15554000439,HD-87,,,SYNTHETIC S06C-1000-DIRTY
Dirty440,SynthDirty,,dirty440.s06c@example.test,+15554000440,HD-88,,,SYNTHETIC S06C-1000-DIRTY
Dirty441,SynthDirty,,dirty441.s06c@example.test,+15554000441,HD-88,,,SYNTHETIC S06C-1000-DIRTY
Dirty442,SynthDirty,,dirty442.s06c@example.test,+15554000442,HD-88,,,SYNTHETIC S06C-1000-DIRTY
Dirty443,SynthDirty,,dirty443.s06c@example.test,+15554000443,HD-88,,,SYNTHETIC S06C-1000-DIRTY
Dirty444,SynthDirty,,dirty444.s06c@example.test,+15554000444,HD-88,,,SYNTHETIC S06C-1000-DIRTY
Dirty445,SynthDirty,,dirty445.s06c@example.test,+15554000445,HD-89,,,SYNTHETIC S06C-1000-DIRTY
Dirty446,SynthDirty,,dirty446.s06c@example.test,+15554000446,HD-89,,,SYNTHETIC S06C-1000-DIRTY
Dirty447,SynthDirty,,dirty447.s06c@example.test,+15554000447,HD-89,,,SYNTHETIC S06C-1000-DIRTY
Dirty448,SynthDirty,,dirty448.s06c@example.test,+15554000448,HD-89,,,SYNTHETIC S06C-1000-DIRTY
Dirty449,SynthDirty,,dirty449.s06c@example.test,+15554000449,HD-89,,,SYNTHETIC S06C-1000-DIRTY
Dirty450,SynthDirty,,,=1+1,HD-90,,,SYNTHETIC S06C-1000-DIRTY
Dirty451,SynthDirty,,dirty451.s06c@example.test,+15554000451,HD-90,,,SYNTHETIC S06C-1000-DIRTY
Dirty452,SynthDirty,,dirty452.s06c@example.test,+15554000452,HD-90,,,SYNTHETIC S06C-1000-DIRTY
Dirty453,SynthDirty,,dirty453.s06c@example.test,+15554000453,HD-90,,,SYNTHETIC S06C-1000-DIRTY
Dirty454,SynthDirty,,dirty454.s06c@example.test,+15554000454,HD-90,,,SYNTHETIC S06C-1000-DIRTY
Dirty455,SynthDirty,,dirty455.s06c@example.test,+15554000455,HD-91,,,SYNTHETIC S06C-1000-DIRTY
Dirty456,SynthDirty,,dirty456.s06c@example.test,+15554000456,HD-91,,,SYNTHETIC S06C-1000-DIRTY
Dirty457,SynthDirty,,dirty457.s06c@example.test,+15554000457,HD-91,,,SYNTHETIC S06C-1000-DIRTY
Dirty458,SynthDirty,,dirty458.s06c@example.test,+15554000458,HD-91,,,SYNTHETIC S06C-1000-DIRTY
Dirty459,SynthDirty,,dirty459.s06c@example.test,+15554000459,HD-91,,,SYNTHETIC S06C-1000-DIRTY
Dirty460,SynthDirty,,dirty460.s06c@example.test,+15554000460,HD-92,,,SYNTHETIC S06C-1000-DIRTY
Dirty461,SynthDirty,,dirty461.s06c@example.test,+15554000461,HD-92,,,SYNTHETIC S06C-1000-DIRTY
Dirty462,SynthDirty,,dirty462.s06c@example.test,+15554000462,HD-92,,,SYNTHETIC S06C-1000-DIRTY
Dirty463,SynthDirty,,dirty463.s06c@example.test,+15554000463,HD-92,,,SYNTHETIC S06C-1000-DIRTY
Dirty464,SynthDirty,,dirty464.s06c@example.test,+15554000464,HD-92,,,SYNTHETIC S06C-1000-DIRTY
Dirty465,SynthDirty,,dirty465.s06c@example.test,+15554000465,HD-93,,,SYNTHETIC S06C-1000-DIRTY
Dirty466,SynthDirty,,dirty466.s06c@example.test,+15554000466,HD-93,,,SYNTHETIC S06C-1000-DIRTY
Dirty467,SynthDirty,,dirty467.s06c@example.test,+15554000467,HD-93,,,SYNTHETIC S06C-1000-DIRTY
Dirty468,SynthDirty,,dirty468.s06c@example.test,+15554000468,HD-93,,,SYNTHETIC S06C-1000-DIRTY
Dirty469,SynthDirty,,dirty469.s06c@example.test,+15554000469,HD-93,,,SYNTHETIC S06C-1000-DIRTY
Dirty470,SynthDirty,,dirty470.s06c@example.test,+15554000470,HD-94,,,SYNTHETIC S06C-1000-DIRTY
Dirty471,SynthDirty,,dirty471.s06c@example.test,+15554000471,HD-94,,,SYNTHETIC S06C-1000-DIRTY
Dirty472,SynthDirty,,dirty472.s06c@example.test,+15554000472,HD-94,,,SYNTHETIC S06C-1000-DIRTY
Dirty473,SynthDirty,,dirty473.s06c@example.test,+15554000473,HD-94,,,SYNTHETIC S06C-1000-DIRTY
Dirty474,SynthDirty,,dirty474.s06c@example.test,+15554000474,HD-94,,,SYNTHETIC S06C-1000-DIRTY
Dirty475,SynthDirty,,dirty475.s06c@example.test,+15554000475,HD-95,,,SYNTHETIC S06C-1000-DIRTY
Dirty476,SynthDirty,,dirty476.s06c@example.test,+15554000476,HD-95,,,SYNTHETIC S06C-1000-DIRTY
Dirty477,SynthDirty,,dirty477.s06c@example.test,+15554000477,HD-95,,,SYNTHETIC S06C-1000-DIRTY
Dirty478,SynthDirty,,dirty478.s06c@example.test,+15554000478,HD-95,,,SYNTHETIC S06C-1000-DIRTY
Dirty479,SynthDirty,,dirty479.s06c@example.test,+15554000479,HD-95,,,SYNTHETIC S06C-1000-DIRTY
,,,not-an-email,+15554000480,HD-96,,,SYNTHETIC S06C-1000-DIRTY
Dirty481,SynthDirty,,dirty481.s06c@example.test,+15554000481,HD-96,,,SYNTHETIC S06C-1000-DIRTY
Dirty482,SynthDirty,,dirty482.s06c@example.test,+15554000482,HD-96,,,SYNTHETIC S06C-1000-DIRTY
Dirty483,SynthDirty,,dirty483.s06c@example.test,+15554000483,HD-96,,,SYNTHETIC S06C-1000-DIRTY
Dirty484,SynthDirty,,dirty484.s06c@example.test,+15554000484,HD-96,,,SYNTHETIC S06C-1000-DIRTY
Dirty485,SynthDirty,,dirty485.s06c@example.test,+15554000485,HD-97,,,SYNTHETIC S06C-1000-DIRTY
Dirty486,SynthDirty,,dirty486.s06c@example.test,+15554000486,HD-97,,,SYNTHETIC S06C-1000-DIRTY
Dirty487,SynthDirty,,dirty487.s06c@example.test,+15554000487,HD-97,,,SYNTHETIC S06C-1000-DIRTY
Dirty488,SynthDirty,,dirty488.s06c@example.test,+15554000488,HD-97,,,SYNTHETIC S06C-1000-DIRTY
Dirty489,SynthDirty,,dirty489.s06c@example.test,+15554000489,HD-97,,,SYNTHETIC S06C-1000-DIRTY
Dirty490,SynthDirty,,dirty490.s06c@example.test,+15554000490,HD-98,,,@SUM(A1)
Dirty491,SynthDirty,,dirty491.s06c@example.test,+15554000491,HD-98,,,SYNTHETIC S06C-1000-DIRTY
Dirty492,SynthDirty,,dirty492.s06c@example.test,+15554000492,HD-98,,,SYNTHETIC S06C-1000-DIRTY
Dirty493,SynthDirty,,dirty493.s06c@example.test,+15554000493,HD-98,,,SYNTHETIC S06C-1000-DIRTY
Dirty494,SynthDirty,,dirty494.s06c@example.test,+15554000494,HD-98,,,SYNTHETIC S06C-1000-DIRTY
Dirty495,SynthDirty,,dirty495.s06c@example.test,+15554000495,HD-99,,,SYNTHETIC S06C-1000-DIRTY
Dirty496,SynthDirty,,dirty496.s06c@example.test,+15554000496,HD-99,,,SYNTHETIC S06C-1000-DIRTY
Dirty497,SynthDirty,,dirty497.s06c@example.test,+15554000497,HD-99,,,SYNTHETIC S06C-1000-DIRTY
Dirty498,SynthDirty,,dirty498.s06c@example.test,+15554000498,HD-99,,,SYNTHETIC S06C-1000-DIRTY
Dirty499,SynthDirty,,dirty499.s06c@example.test,+15554000499,HD-99,,,SYNTHETIC S06C-1000-DIRTY
Dirty500,SynthDirty,,,+15554000500,HD-100,,,SYNTHETIC S06C-1000-DIRTY
Dirty501,SynthDirty,,dirty501.s06c@example.test,+15554000501,HD-100,,,SYNTHETIC S06C-1000-DIRTY
Dirty502,SynthDirty,,dirty502.s06c@example.test,+15554000502,HD-100,,,SYNTHETIC S06C-1000-DIRTY
Dirty503,SynthDirty,,dirty503.s06c@example.test,+15554000503,HD-100,,,SYNTHETIC S06C-1000-DIRTY
Dirty504,SynthDirty,,dirty504.s06c@example.test,+15554000504,HD-100,,,SYNTHETIC S06C-1000-DIRTY
Dirty505,SynthDirty,,dirty505.s06c@example.test,+15554000505,HD-101,,,SYNTHETIC S06C-1000-DIRTY
Dirty506,SynthDirty,,dirty506.s06c@example.test,+15554000506,HD-101,,,SYNTHETIC S06C-1000-DIRTY
Dirty507,SynthDirty,,dirty507.s06c@example.test,+15554000507,HD-101,,,SYNTHETIC S06C-1000-DIRTY
Dirty508,SynthDirty,,dirty508.s06c@example.test,+15554000508,HD-101,,,SYNTHETIC S06C-1000-DIRTY
Dirty509,SynthDirty,,dirty509.s06c@example.test,+15554000509,HD-101,,,SYNTHETIC S06C-1000-DIRTY
Dirty510,SynthDirty,,dirty510.s06c@example.test,+15554000510,HD-102,,,SYNTHETIC S06C-1000-DIRTY
Dirty511,SynthDirty,,dirty511.s06c@example.test,+15554000511,HD-102,,,SYNTHETIC S06C-1000-DIRTY
Dirty512,SynthDirty,,dirty512.s06c@example.test,+15554000512,HD-102,,,SYNTHETIC S06C-1000-DIRTY
Dirty513,SynthDirty,,dirty513.s06c@example.test,+15554000513,HD-102,,,SYNTHETIC S06C-1000-DIRTY
Dirty514,SynthDirty,,dirty514.s06c@example.test,+15554000514,HD-102,,,SYNTHETIC S06C-1000-DIRTY
Dirty515,SynthDirty,,dirty515.s06c@example.test,+15554000515,HD-103,,,SYNTHETIC S06C-1000-DIRTY
Dirty516,SynthDirty,,dirty516.s06c@example.test,+15554000516,HD-103,,,SYNTHETIC S06C-1000-DIRTY
Dirty517,SynthDirty,,dirty517.s06c@example.test,+15554000517,HD-103,,,SYNTHETIC S06C-1000-DIRTY
Dirty518,SynthDirty,,dirty518.s06c@example.test,+15554000518,HD-103,,,SYNTHETIC S06C-1000-DIRTY
Dirty519,SynthDirty,,dirty519.s06c@example.test,+15554000519,HD-103,,,SYNTHETIC S06C-1000-DIRTY
Dirty520,SynthDirty,,dirty520.s06c@example.test,+15554000520,HD-104,,,SYNTHETIC S06C-1000-DIRTY
Dirty521,SynthDirty,,dirty521.s06c@example.test,+15554000521,HD-104,,,SYNTHETIC S06C-1000-DIRTY
Dirty522,SynthDirty,,dirty522.s06c@example.test,+15554000522,HD-104,,,SYNTHETIC S06C-1000-DIRTY
Dirty523,SynthDirty,,dirty523.s06c@example.test,+15554000523,HD-104,,,SYNTHETIC S06C-1000-DIRTY
Dirty524,SynthDirty,,dirty524.s06c@example.test,+15554000524,HD-104,,,SYNTHETIC S06C-1000-DIRTY
Dirty525,SynthDirty,,dirty525.s06c@example.test,+15554000525,HD-105,,,SYNTHETIC S06C-1000-DIRTY
Dirty526,SynthDirty,,dirty526.s06c@example.test,+15554000526,HD-105,,,SYNTHETIC S06C-1000-DIRTY
Dirty527,SynthDirty,,dirty527.s06c@example.test,+15554000527,HD-105,,,SYNTHETIC S06C-1000-DIRTY
Dirty528,SynthDirty,,dirty528.s06c@example.test,+15554000528,HD-105,,,SYNTHETIC S06C-1000-DIRTY
Dirty529,SynthDirty,,dirty529.s06c@example.test,+15554000529,HD-105,,,SYNTHETIC S06C-1000-DIRTY
Dirty530,SynthDirty,,dirty530.s06c@example.test,+15554000530,HD-106,,,SYNTHETIC S06C-1000-DIRTY
Dirty531,SynthDirty,,dirty531.s06c@example.test,+15554000531,HD-106,,,SYNTHETIC S06C-1000-DIRTY
Dirty532,SynthDirty,,dirty532.s06c@example.test,+15554000532,HD-106,,,SYNTHETIC S06C-1000-DIRTY
Dirty533,SynthDirty,,dirty533.s06c@example.test,+15554000533,HD-106,,,SYNTHETIC S06C-1000-DIRTY
Dirty534,SynthDirty,,dirty534.s06c@example.test,+15554000534,HD-106,,,SYNTHETIC S06C-1000-DIRTY
Dirty535,SynthDirty,,dirty535.s06c@example.test,+15554000535,HD-107,,,SYNTHETIC S06C-1000-DIRTY
Dirty536,SynthDirty,,dirty536.s06c@example.test,+15554000536,HD-107,,,SYNTHETIC S06C-1000-DIRTY
Dirty537,SynthDirty,,dirty537.s06c@example.test,+15554000537,HD-107,,,SYNTHETIC S06C-1000-DIRTY
Dirty538,SynthDirty,,dirty538.s06c@example.test,+15554000538,HD-107,,,SYNTHETIC S06C-1000-DIRTY
Dirty539,SynthDirty,,dirty539.s06c@example.test,+15554000539,HD-107,,,SYNTHETIC S06C-1000-DIRTY
,,,dirty540.s06c@example.test,=1+1,HD-108,,,SYNTHETIC S06C-1000-DIRTY
Dirty541,SynthDirty,,dirty541.s06c@example.test,+15554000541,HD-108,,,SYNTHETIC S06C-1000-DIRTY
Dirty542,SynthDirty,,dirty542.s06c@example.test,+15554000542,HD-108,,,SYNTHETIC S06C-1000-DIRTY
Dirty543,SynthDirty,,dirty543.s06c@example.test,+15554000543,HD-108,,,SYNTHETIC S06C-1000-DIRTY
Dirty544,SynthDirty,,dirty544.s06c@example.test,+15554000544,HD-108,,,SYNTHETIC S06C-1000-DIRTY
Dirty545,SynthDirty,,dirty545.s06c@example.test,+15554000545,HD-109,,,SYNTHETIC S06C-1000-DIRTY
Dirty546,SynthDirty,,dirty546.s06c@example.test,+15554000546,HD-109,,,SYNTHETIC S06C-1000-DIRTY
Dirty547,SynthDirty,,dirty547.s06c@example.test,+15554000547,HD-109,,,SYNTHETIC S06C-1000-DIRTY
Dirty548,SynthDirty,,dirty548.s06c@example.test,+15554000548,HD-109,,,SYNTHETIC S06C-1000-DIRTY
Dirty549,SynthDirty,,dirty549.s06c@example.test,+15554000549,HD-109,,,SYNTHETIC S06C-1000-DIRTY
Dirty550,SynthDirty,,,+15554000550,HD-110,,,SYNTHETIC S06C-1000-DIRTY
Dirty551,SynthDirty,,dirty551.s06c@example.test,+15554000551,HD-110,,,SYNTHETIC S06C-1000-DIRTY
Dirty552,SynthDirty,,dirty552.s06c@example.test,+15554000552,HD-110,,,SYNTHETIC S06C-1000-DIRTY
Dirty553,SynthDirty,,dirty553.s06c@example.test,+15554000553,HD-110,,,SYNTHETIC S06C-1000-DIRTY
Dirty554,SynthDirty,,dirty554.s06c@example.test,+15554000554,HD-110,,,SYNTHETIC S06C-1000-DIRTY
Dirty555,SynthDirty,,dirty555.s06c@example.test,+15554000555,HD-111,,,SYNTHETIC S06C-1000-DIRTY
Dirty556,SynthDirty,,dirty556.s06c@example.test,+15554000556,HD-111,,,SYNTHETIC S06C-1000-DIRTY
Dirty557,SynthDirty,,dirty557.s06c@example.test,+15554000557,HD-111,,,SYNTHETIC S06C-1000-DIRTY
Dirty558,SynthDirty,,dirty558.s06c@example.test,+15554000558,HD-111,,,SYNTHETIC S06C-1000-DIRTY
Dirty559,SynthDirty,,dirty559.s06c@example.test,+15554000559,HD-111,,,SYNTHETIC S06C-1000-DIRTY
Dirty560,SynthDirty,,not-an-email,+15554000560,HD-112,,,@SUM(A1)
Dirty561,SynthDirty,,dirty561.s06c@example.test,+15554000561,HD-112,,,SYNTHETIC S06C-1000-DIRTY
Dirty562,SynthDirty,,dirty562.s06c@example.test,+15554000562,HD-112,,,SYNTHETIC S06C-1000-DIRTY
Dirty563,SynthDirty,,dirty563.s06c@example.test,+15554000563,HD-112,,,SYNTHETIC S06C-1000-DIRTY
Dirty564,SynthDirty,,dirty564.s06c@example.test,+15554000564,HD-112,,,SYNTHETIC S06C-1000-DIRTY
Dirty565,SynthDirty,,dirty565.s06c@example.test,+15554000565,HD-113,,,SYNTHETIC S06C-1000-DIRTY
Dirty566,SynthDirty,,dirty566.s06c@example.test,+15554000566,HD-113,,,SYNTHETIC S06C-1000-DIRTY
Dirty567,SynthDirty,,dirty567.s06c@example.test,+15554000567,HD-113,,,SYNTHETIC S06C-1000-DIRTY
Dirty568,SynthDirty,,dirty568.s06c@example.test,+15554000568,HD-113,,,SYNTHETIC S06C-1000-DIRTY
Dirty569,SynthDirty,,dirty569.s06c@example.test,+15554000569,HD-113,,,SYNTHETIC S06C-1000-DIRTY
Dirty570,SynthDirty,,dirty570.s06c@example.test,+15554000570,HD-114,,,SYNTHETIC S06C-1000-DIRTY
Dirty571,SynthDirty,,dirty571.s06c@example.test,+15554000571,HD-114,,,SYNTHETIC S06C-1000-DIRTY
Dirty572,SynthDirty,,dirty572.s06c@example.test,+15554000572,HD-114,,,SYNTHETIC S06C-1000-DIRTY
Dirty573,SynthDirty,,dirty573.s06c@example.test,+15554000573,HD-114,,,SYNTHETIC S06C-1000-DIRTY
Dirty574,SynthDirty,,dirty574.s06c@example.test,+15554000574,HD-114,,,SYNTHETIC S06C-1000-DIRTY
Dirty575,SynthDirty,,dirty575.s06c@example.test,+15554000575,HD-115,,,SYNTHETIC S06C-1000-DIRTY
Dirty576,SynthDirty,,dirty576.s06c@example.test,+15554000576,HD-115,,,SYNTHETIC S06C-1000-DIRTY
Dirty577,SynthDirty,,dirty577.s06c@example.test,+15554000577,HD-115,,,SYNTHETIC S06C-1000-DIRTY
Dirty578,SynthDirty,,dirty578.s06c@example.test,+15554000578,HD-115,,,SYNTHETIC S06C-1000-DIRTY
Dirty579,SynthDirty,,dirty579.s06c@example.test,+15554000579,HD-115,,,SYNTHETIC S06C-1000-DIRTY
Dirty580,SynthDirty,,dirty580.s06c@example.test,+15554000580,HD-116,,,SYNTHETIC S06C-1000-DIRTY
Dirty581,SynthDirty,,dirty581.s06c@example.test,+15554000581,HD-116,,,SYNTHETIC S06C-1000-DIRTY
Dirty582,SynthDirty,,dirty582.s06c@example.test,+15554000582,HD-116,,,SYNTHETIC S06C-1000-DIRTY
Dirty583,SynthDirty,,dirty583.s06c@example.test,+15554000583,HD-116,,,SYNTHETIC S06C-1000-DIRTY
Dirty584,SynthDirty,,dirty584.s06c@example.test,+15554000584,HD-116,,,SYNTHETIC S06C-1000-DIRTY
Dirty585,SynthDirty,,dirty585.s06c@example.test,+15554000585,HD-117,,,SYNTHETIC S06C-1000-DIRTY
Dirty586,SynthDirty,,dirty586.s06c@example.test,+15554000586,HD-117,,,SYNTHETIC S06C-1000-DIRTY
Dirty587,SynthDirty,,dirty587.s06c@example.test,+15554000587,HD-117,,,SYNTHETIC S06C-1000-DIRTY
Dirty588,SynthDirty,,dirty588.s06c@example.test,+15554000588,HD-117,,,SYNTHETIC S06C-1000-DIRTY
Dirty589,SynthDirty,,dirty589.s06c@example.test,+15554000589,HD-117,,,SYNTHETIC S06C-1000-DIRTY
Dirty590,SynthDirty,,dirty590.s06c@example.test,+15554000590,HD-118,,,SYNTHETIC S06C-1000-DIRTY
Dirty591,SynthDirty,,dirty591.s06c@example.test,+15554000591,HD-118,,,SYNTHETIC S06C-1000-DIRTY
Dirty592,SynthDirty,,dirty592.s06c@example.test,+15554000592,HD-118,,,SYNTHETIC S06C-1000-DIRTY
Dirty593,SynthDirty,,dirty593.s06c@example.test,+15554000593,HD-118,,,SYNTHETIC S06C-1000-DIRTY
Dirty594,SynthDirty,,dirty594.s06c@example.test,+15554000594,HD-118,,,SYNTHETIC S06C-1000-DIRTY
Dirty595,SynthDirty,,dirty595.s06c@example.test,+15554000595,HD-119,,,SYNTHETIC S06C-1000-DIRTY
Dirty596,SynthDirty,,dirty596.s06c@example.test,+15554000596,HD-119,,,SYNTHETIC S06C-1000-DIRTY
Dirty597,SynthDirty,,dirty597.s06c@example.test,+15554000597,HD-119,,,SYNTHETIC S06C-1000-DIRTY
Dirty598,SynthDirty,,dirty598.s06c@example.test,+15554000598,HD-119,,,SYNTHETIC S06C-1000-DIRTY
Dirty599,SynthDirty,,dirty599.s06c@example.test,+15554000599,HD-119,,,SYNTHETIC S06C-1000-DIRTY
,,,,+15554000600,HD-120,,,SYNTHETIC S06C-1000-DIRTY
Dirty601,SynthDirty,,dirty601.s06c@example.test,+15554000601,HD-120,,,SYNTHETIC S06C-1000-DIRTY
Dirty602,SynthDirty,,dirty602.s06c@example.test,+15554000602,HD-120,,,SYNTHETIC S06C-1000-DIRTY
Dirty603,SynthDirty,,dirty603.s06c@example.test,+15554000603,HD-120,,,SYNTHETIC S06C-1000-DIRTY
Dirty604,SynthDirty,,dirty604.s06c@example.test,+15554000604,HD-120,,,SYNTHETIC S06C-1000-DIRTY
Dirty605,SynthDirty,,dirty605.s06c@example.test,+15554000605,HD-121,,,SYNTHETIC S06C-1000-DIRTY
Dirty606,SynthDirty,,dirty606.s06c@example.test,+15554000606,HD-121,,,SYNTHETIC S06C-1000-DIRTY
Dirty607,SynthDirty,,dirty607.s06c@example.test,+15554000607,HD-121,,,SYNTHETIC S06C-1000-DIRTY
Dirty608,SynthDirty,,dirty608.s06c@example.test,+15554000608,HD-121,,,SYNTHETIC S06C-1000-DIRTY
Dirty609,SynthDirty,,dirty609.s06c@example.test,+15554000609,HD-121,,,SYNTHETIC S06C-1000-DIRTY
Dirty610,SynthDirty,,dirty610.s06c@example.test,+15554000610,HD-122,,,SYNTHETIC S06C-1000-DIRTY
Dirty611,SynthDirty,,dirty611.s06c@example.test,+15554000611,HD-122,,,SYNTHETIC S06C-1000-DIRTY
Dirty612,SynthDirty,,dirty612.s06c@example.test,+15554000612,HD-122,,,SYNTHETIC S06C-1000-DIRTY
Dirty613,SynthDirty,,dirty613.s06c@example.test,+15554000613,HD-122,,,SYNTHETIC S06C-1000-DIRTY
Dirty614,SynthDirty,,dirty614.s06c@example.test,+15554000614,HD-122,,,SYNTHETIC S06C-1000-DIRTY
Dirty615,SynthDirty,,dirty615.s06c@example.test,+15554000615,HD-123,,,SYNTHETIC S06C-1000-DIRTY
Dirty616,SynthDirty,,dirty616.s06c@example.test,+15554000616,HD-123,,,SYNTHETIC S06C-1000-DIRTY
Dirty617,SynthDirty,,dirty617.s06c@example.test,+15554000617,HD-123,,,SYNTHETIC S06C-1000-DIRTY
Dirty618,SynthDirty,,dirty618.s06c@example.test,+15554000618,HD-123,,,SYNTHETIC S06C-1000-DIRTY
Dirty619,SynthDirty,,dirty619.s06c@example.test,+15554000619,HD-123,,,SYNTHETIC S06C-1000-DIRTY
Dirty620,SynthDirty,,dirty620.s06c@example.test,+15554000620,HD-124,,,SYNTHETIC S06C-1000-DIRTY
Dirty621,SynthDirty,,dirty621.s06c@example.test,+15554000621,HD-124,,,SYNTHETIC S06C-1000-DIRTY
Dirty622,SynthDirty,,dirty622.s06c@example.test,+15554000622,HD-124,,,SYNTHETIC S06C-1000-DIRTY
Dirty623,SynthDirty,,dirty623.s06c@example.test,+15554000623,HD-124,,,SYNTHETIC S06C-1000-DIRTY
Dirty624,SynthDirty,,dirty624.s06c@example.test,+15554000624,HD-124,,,SYNTHETIC S06C-1000-DIRTY
Dirty625,SynthDirty,,dirty625.s06c@example.test,+15554000625,HD-125,,,SYNTHETIC S06C-1000-DIRTY
Dirty626,SynthDirty,,dirty626.s06c@example.test,+15554000626,HD-125,,,SYNTHETIC S06C-1000-DIRTY
Dirty627,SynthDirty,,dirty627.s06c@example.test,+15554000627,HD-125,,,SYNTHETIC S06C-1000-DIRTY
Dirty628,SynthDirty,,dirty628.s06c@example.test,+15554000628,HD-125,,,SYNTHETIC S06C-1000-DIRTY
Dirty629,SynthDirty,,dirty629.s06c@example.test,+15554000629,HD-125,,,SYNTHETIC S06C-1000-DIRTY
Dirty630,SynthDirty,,dirty630.s06c@example.test,=1+1,HD-126,,,@SUM(A1)
Dirty631,SynthDirty,,dirty631.s06c@example.test,+15554000631,HD-126,,,SYNTHETIC S06C-1000-DIRTY
Dirty632,SynthDirty,,dirty632.s06c@example.test,+15554000632,HD-126,,,SYNTHETIC S06C-1000-DIRTY
Dirty633,SynthDirty,,dirty633.s06c@example.test,+15554000633,HD-126,,,SYNTHETIC S06C-1000-DIRTY
Dirty634,SynthDirty,,dirty634.s06c@example.test,+15554000634,HD-126,,,SYNTHETIC S06C-1000-DIRTY
Dirty635,SynthDirty,,dirty635.s06c@example.test,+15554000635,HD-127,,,SYNTHETIC S06C-1000-DIRTY
Dirty636,SynthDirty,,dirty636.s06c@example.test,+15554000636,HD-127,,,SYNTHETIC S06C-1000-DIRTY
Dirty637,SynthDirty,,dirty637.s06c@example.test,+15554000637,HD-127,,,SYNTHETIC S06C-1000-DIRTY
Dirty638,SynthDirty,,dirty638.s06c@example.test,+15554000638,HD-127,,,SYNTHETIC S06C-1000-DIRTY
Dirty639,SynthDirty,,dirty639.s06c@example.test,+15554000639,HD-127,,,SYNTHETIC S06C-1000-DIRTY
Dirty640,SynthDirty,,not-an-email,+15554000640,HD-128,,,SYNTHETIC S06C-1000-DIRTY
Dirty641,SynthDirty,,dirty641.s06c@example.test,+15554000641,HD-128,,,SYNTHETIC S06C-1000-DIRTY
Dirty642,SynthDirty,,dirty642.s06c@example.test,+15554000642,HD-128,,,SYNTHETIC S06C-1000-DIRTY
Dirty643,SynthDirty,,dirty643.s06c@example.test,+15554000643,HD-128,,,SYNTHETIC S06C-1000-DIRTY
Dirty644,SynthDirty,,dirty644.s06c@example.test,+15554000644,HD-128,,,SYNTHETIC S06C-1000-DIRTY
Dirty645,SynthDirty,,dirty645.s06c@example.test,+15554000645,HD-129,,,SYNTHETIC S06C-1000-DIRTY
Dirty646,SynthDirty,,dirty646.s06c@example.test,+15554000646,HD-129,,,SYNTHETIC S06C-1000-DIRTY
Dirty647,SynthDirty,,dirty647.s06c@example.test,+15554000647,HD-129,,,SYNTHETIC S06C-1000-DIRTY
Dirty648,SynthDirty,,dirty648.s06c@example.test,+15554000648,HD-129,,,SYNTHETIC S06C-1000-DIRTY
Dirty649,SynthDirty,,dirty649.s06c@example.test,+15554000649,HD-129,,,SYNTHETIC S06C-1000-DIRTY
Dirty650,SynthDirty,,,+15554000650,HD-130,,,SYNTHETIC S06C-1000-DIRTY
Dirty651,SynthDirty,,dirty651.s06c@example.test,+15554000651,HD-130,,,SYNTHETIC S06C-1000-DIRTY
Dirty652,SynthDirty,,dirty652.s06c@example.test,+15554000652,HD-130,,,SYNTHETIC S06C-1000-DIRTY
Dirty653,SynthDirty,,dirty653.s06c@example.test,+15554000653,HD-130,,,SYNTHETIC S06C-1000-DIRTY
Dirty654,SynthDirty,,dirty654.s06c@example.test,+15554000654,HD-130,,,SYNTHETIC S06C-1000-DIRTY
Dirty655,SynthDirty,,dirty655.s06c@example.test,+15554000655,HD-131,,,SYNTHETIC S06C-1000-DIRTY
Dirty656,SynthDirty,,dirty656.s06c@example.test,+15554000656,HD-131,,,SYNTHETIC S06C-1000-DIRTY
Dirty657,SynthDirty,,dirty657.s06c@example.test,+15554000657,HD-131,,,SYNTHETIC S06C-1000-DIRTY
Dirty658,SynthDirty,,dirty658.s06c@example.test,+15554000658,HD-131,,,SYNTHETIC S06C-1000-DIRTY
Dirty659,SynthDirty,,dirty659.s06c@example.test,+15554000659,HD-131,,,SYNTHETIC S06C-1000-DIRTY
,,,dirty660.s06c@example.test,+15554000660,HD-132,,,SYNTHETIC S06C-1000-DIRTY
Dirty661,SynthDirty,,dirty661.s06c@example.test,+15554000661,HD-132,,,SYNTHETIC S06C-1000-DIRTY
Dirty662,SynthDirty,,dirty662.s06c@example.test,+15554000662,HD-132,,,SYNTHETIC S06C-1000-DIRTY
Dirty663,SynthDirty,,dirty663.s06c@example.test,+15554000663,HD-132,,,SYNTHETIC S06C-1000-DIRTY
Dirty664,SynthDirty,,dirty664.s06c@example.test,+15554000664,HD-132,,,SYNTHETIC S06C-1000-DIRTY
Dirty665,SynthDirty,,dirty665.s06c@example.test,+15554000665,HD-133,,,SYNTHETIC S06C-1000-DIRTY
Dirty666,SynthDirty,,dirty666.s06c@example.test,+15554000666,HD-133,,,SYNTHETIC S06C-1000-DIRTY
Dirty667,SynthDirty,,dirty667.s06c@example.test,+15554000667,HD-133,,,SYNTHETIC S06C-1000-DIRTY
Dirty668,SynthDirty,,dirty668.s06c@example.test,+15554000668,HD-133,,,SYNTHETIC S06C-1000-DIRTY
Dirty669,SynthDirty,,dirty669.s06c@example.test,+15554000669,HD-133,,,SYNTHETIC S06C-1000-DIRTY
Dirty670,SynthDirty,,dirty670.s06c@example.test,+15554000670,HD-134,,,SYNTHETIC S06C-1000-DIRTY
Dirty671,SynthDirty,,dirty671.s06c@example.test,+15554000671,HD-134,,,SYNTHETIC S06C-1000-DIRTY
Dirty672,SynthDirty,,dirty672.s06c@example.test,+15554000672,HD-134,,,SYNTHETIC S06C-1000-DIRTY
Dirty673,SynthDirty,,dirty673.s06c@example.test,+15554000673,HD-134,,,SYNTHETIC S06C-1000-DIRTY
Dirty674,SynthDirty,,dirty674.s06c@example.test,+15554000674,HD-134,,,SYNTHETIC S06C-1000-DIRTY
Dirty675,SynthDirty,,dirty675.s06c@example.test,+15554000675,HD-135,,,SYNTHETIC S06C-1000-DIRTY
Dirty676,SynthDirty,,dirty676.s06c@example.test,+15554000676,HD-135,,,SYNTHETIC S06C-1000-DIRTY
Dirty677,SynthDirty,,dirty677.s06c@example.test,+15554000677,HD-135,,,SYNTHETIC S06C-1000-DIRTY
Dirty678,SynthDirty,,dirty678.s06c@example.test,+15554000678,HD-135,,,SYNTHETIC S06C-1000-DIRTY
Dirty679,SynthDirty,,dirty679.s06c@example.test,+15554000679,HD-135,,,SYNTHETIC S06C-1000-DIRTY
Dirty680,SynthDirty,,dirty680.s06c@example.test,+15554000680,HD-136,,,SYNTHETIC S06C-1000-DIRTY
Dirty681,SynthDirty,,dirty681.s06c@example.test,+15554000681,HD-136,,,SYNTHETIC S06C-1000-DIRTY
Dirty682,SynthDirty,,dirty682.s06c@example.test,+15554000682,HD-136,,,SYNTHETIC S06C-1000-DIRTY
Dirty683,SynthDirty,,dirty683.s06c@example.test,+15554000683,HD-136,,,SYNTHETIC S06C-1000-DIRTY
Dirty684,SynthDirty,,dirty684.s06c@example.test,+15554000684,HD-136,,,SYNTHETIC S06C-1000-DIRTY
Dirty685,SynthDirty,,dirty685.s06c@example.test,+15554000685,HD-137,,,SYNTHETIC S06C-1000-DIRTY
Dirty686,SynthDirty,,dirty686.s06c@example.test,+15554000686,HD-137,,,SYNTHETIC S06C-1000-DIRTY
Dirty687,SynthDirty,,dirty687.s06c@example.test,+15554000687,HD-137,,,SYNTHETIC S06C-1000-DIRTY
Dirty688,SynthDirty,,dirty688.s06c@example.test,+15554000688,HD-137,,,SYNTHETIC S06C-1000-DIRTY
Dirty689,SynthDirty,,dirty689.s06c@example.test,+15554000689,HD-137,,,SYNTHETIC S06C-1000-DIRTY
Dirty690,SynthDirty,,dirty690.s06c@example.test,+15554000690,HD-138,,,SYNTHETIC S06C-1000-DIRTY
Dirty691,SynthDirty,,dirty691.s06c@example.test,+15554000691,HD-138,,,SYNTHETIC S06C-1000-DIRTY
Dirty692,SynthDirty,,dirty692.s06c@example.test,+15554000692,HD-138,,,SYNTHETIC S06C-1000-DIRTY
Dirty693,SynthDirty,,dirty693.s06c@example.test,+15554000693,HD-138,,,SYNTHETIC S06C-1000-DIRTY
Dirty694,SynthDirty,,dirty694.s06c@example.test,+15554000694,HD-138,,,SYNTHETIC S06C-1000-DIRTY
Dirty695,SynthDirty,,dirty695.s06c@example.test,+15554000695,HD-139,,,SYNTHETIC S06C-1000-DIRTY
Dirty696,SynthDirty,,dirty696.s06c@example.test,+15554000696,HD-139,,,SYNTHETIC S06C-1000-DIRTY
Dirty697,SynthDirty,,dirty697.s06c@example.test,+15554000697,HD-139,,,SYNTHETIC S06C-1000-DIRTY
Dirty698,SynthDirty,,dirty698.s06c@example.test,+15554000698,HD-139,,,SYNTHETIC S06C-1000-DIRTY
Dirty699,SynthDirty,,dirty699.s06c@example.test,+15554000699,HD-139,,,SYNTHETIC S06C-1000-DIRTY
Dirty700,SynthDirty,,,+15554000700,HD-140,,,@SUM(A1)
Dirty701,SynthDirty,,dirty701.s06c@example.test,+15554000701,HD-140,,,SYNTHETIC S06C-1000-DIRTY
Dirty702,SynthDirty,,dirty702.s06c@example.test,+15554000702,HD-140,,,SYNTHETIC S06C-1000-DIRTY
Dirty703,SynthDirty,,dirty703.s06c@example.test,+15554000703,HD-140,,,SYNTHETIC S06C-1000-DIRTY
Dirty704,SynthDirty,,dirty704.s06c@example.test,+15554000704,HD-140,,,SYNTHETIC S06C-1000-DIRTY
Dirty705,SynthDirty,,dirty705.s06c@example.test,+15554000705,HD-141,,,SYNTHETIC S06C-1000-DIRTY
Dirty706,SynthDirty,,dirty706.s06c@example.test,+15554000706,HD-141,,,SYNTHETIC S06C-1000-DIRTY
Dirty707,SynthDirty,,dirty707.s06c@example.test,+15554000707,HD-141,,,SYNTHETIC S06C-1000-DIRTY
Dirty708,SynthDirty,,dirty708.s06c@example.test,+15554000708,HD-141,,,SYNTHETIC S06C-1000-DIRTY
Dirty709,SynthDirty,,dirty709.s06c@example.test,+15554000709,HD-141,,,SYNTHETIC S06C-1000-DIRTY
Dirty710,SynthDirty,,dirty710.s06c@example.test,+15554000710,HD-142,,,SYNTHETIC S06C-1000-DIRTY
Dirty711,SynthDirty,,dirty711.s06c@example.test,+15554000711,HD-142,,,SYNTHETIC S06C-1000-DIRTY
Dirty712,SynthDirty,,dirty712.s06c@example.test,+15554000712,HD-142,,,SYNTHETIC S06C-1000-DIRTY
Dirty713,SynthDirty,,dirty713.s06c@example.test,+15554000713,HD-142,,,SYNTHETIC S06C-1000-DIRTY
Dirty714,SynthDirty,,dirty714.s06c@example.test,+15554000714,HD-142,,,SYNTHETIC S06C-1000-DIRTY
Dirty715,SynthDirty,,dirty715.s06c@example.test,+15554000715,HD-143,,,SYNTHETIC S06C-1000-DIRTY
Dirty716,SynthDirty,,dirty716.s06c@example.test,+15554000716,HD-143,,,SYNTHETIC S06C-1000-DIRTY
Dirty717,SynthDirty,,dirty717.s06c@example.test,+15554000717,HD-143,,,SYNTHETIC S06C-1000-DIRTY
Dirty718,SynthDirty,,dirty718.s06c@example.test,+15554000718,HD-143,,,SYNTHETIC S06C-1000-DIRTY
Dirty719,SynthDirty,,dirty719.s06c@example.test,+15554000719,HD-143,,,SYNTHETIC S06C-1000-DIRTY
,,,not-an-email,=1+1,HD-144,,,SYNTHETIC S06C-1000-DIRTY
Dirty721,SynthDirty,,dirty721.s06c@example.test,+15554000721,HD-144,,,SYNTHETIC S06C-1000-DIRTY
Dirty722,SynthDirty,,dirty722.s06c@example.test,+15554000722,HD-144,,,SYNTHETIC S06C-1000-DIRTY
Dirty723,SynthDirty,,dirty723.s06c@example.test,+15554000723,HD-144,,,SYNTHETIC S06C-1000-DIRTY
Dirty724,SynthDirty,,dirty724.s06c@example.test,+15554000724,HD-144,,,SYNTHETIC S06C-1000-DIRTY
Dirty725,SynthDirty,,dirty725.s06c@example.test,+15554000725,HD-145,,,SYNTHETIC S06C-1000-DIRTY
Dirty726,SynthDirty,,dirty726.s06c@example.test,+15554000726,HD-145,,,SYNTHETIC S06C-1000-DIRTY
Dirty727,SynthDirty,,dirty727.s06c@example.test,+15554000727,HD-145,,,SYNTHETIC S06C-1000-DIRTY
Dirty728,SynthDirty,,dirty728.s06c@example.test,+15554000728,HD-145,,,SYNTHETIC S06C-1000-DIRTY
Dirty729,SynthDirty,,dirty729.s06c@example.test,+15554000729,HD-145,,,SYNTHETIC S06C-1000-DIRTY
Dirty730,SynthDirty,,dirty730.s06c@example.test,+15554000730,HD-146,,,SYNTHETIC S06C-1000-DIRTY
Dirty731,SynthDirty,,dirty731.s06c@example.test,+15554000731,HD-146,,,SYNTHETIC S06C-1000-DIRTY
Dirty732,SynthDirty,,dirty732.s06c@example.test,+15554000732,HD-146,,,SYNTHETIC S06C-1000-DIRTY
Dirty733,SynthDirty,,dirty733.s06c@example.test,+15554000733,HD-146,,,SYNTHETIC S06C-1000-DIRTY
Dirty734,SynthDirty,,dirty734.s06c@example.test,+15554000734,HD-146,,,SYNTHETIC S06C-1000-DIRTY
Dirty735,SynthDirty,,dirty735.s06c@example.test,+15554000735,HD-147,,,SYNTHETIC S06C-1000-DIRTY
Dirty736,SynthDirty,,dirty736.s06c@example.test,+15554000736,HD-147,,,SYNTHETIC S06C-1000-DIRTY
Dirty737,SynthDirty,,dirty737.s06c@example.test,+15554000737,HD-147,,,SYNTHETIC S06C-1000-DIRTY
Dirty738,SynthDirty,,dirty738.s06c@example.test,+15554000738,HD-147,,,SYNTHETIC S06C-1000-DIRTY
Dirty739,SynthDirty,,dirty739.s06c@example.test,+15554000739,HD-147,,,SYNTHETIC S06C-1000-DIRTY
Dirty740,SynthDirty,,dirty740.s06c@example.test,+15554000740,HD-148,,,SYNTHETIC S06C-1000-DIRTY
Dirty741,SynthDirty,,dirty741.s06c@example.test,+15554000741,HD-148,,,SYNTHETIC S06C-1000-DIRTY
Dirty742,SynthDirty,,dirty742.s06c@example.test,+15554000742,HD-148,,,SYNTHETIC S06C-1000-DIRTY
Dirty743,SynthDirty,,dirty743.s06c@example.test,+15554000743,HD-148,,,SYNTHETIC S06C-1000-DIRTY
Dirty744,SynthDirty,,dirty744.s06c@example.test,+15554000744,HD-148,,,SYNTHETIC S06C-1000-DIRTY
Dirty745,SynthDirty,,dirty745.s06c@example.test,+15554000745,HD-149,,,SYNTHETIC S06C-1000-DIRTY
Dirty746,SynthDirty,,dirty746.s06c@example.test,+15554000746,HD-149,,,SYNTHETIC S06C-1000-DIRTY
Dirty747,SynthDirty,,dirty747.s06c@example.test,+15554000747,HD-149,,,SYNTHETIC S06C-1000-DIRTY
Dirty748,SynthDirty,,dirty748.s06c@example.test,+15554000748,HD-149,,,SYNTHETIC S06C-1000-DIRTY
Dirty749,SynthDirty,,dirty749.s06c@example.test,+15554000749,HD-149,,,SYNTHETIC S06C-1000-DIRTY
Dirty750,SynthDirty,,,+15554000750,HD-150,,,SYNTHETIC S06C-1000-DIRTY
Dirty751,SynthDirty,,dirty751.s06c@example.test,+15554000751,HD-150,,,SYNTHETIC S06C-1000-DIRTY
Dirty752,SynthDirty,,dirty752.s06c@example.test,+15554000752,HD-150,,,SYNTHETIC S06C-1000-DIRTY
Dirty753,SynthDirty,,dirty753.s06c@example.test,+15554000753,HD-150,,,SYNTHETIC S06C-1000-DIRTY
Dirty754,SynthDirty,,dirty754.s06c@example.test,+15554000754,HD-150,,,SYNTHETIC S06C-1000-DIRTY
Dirty755,SynthDirty,,dirty755.s06c@example.test,+15554000755,HD-151,,,SYNTHETIC S06C-1000-DIRTY
Dirty756,SynthDirty,,dirty756.s06c@example.test,+15554000756,HD-151,,,SYNTHETIC S06C-1000-DIRTY
Dirty757,SynthDirty,,dirty757.s06c@example.test,+15554000757,HD-151,,,SYNTHETIC S06C-1000-DIRTY
Dirty758,SynthDirty,,dirty758.s06c@example.test,+15554000758,HD-151,,,SYNTHETIC S06C-1000-DIRTY
Dirty759,SynthDirty,,dirty759.s06c@example.test,+15554000759,HD-151,,,SYNTHETIC S06C-1000-DIRTY
Dirty760,SynthDirty,,dirty760.s06c@example.test,+15554000760,HD-152,,,SYNTHETIC S06C-1000-DIRTY
Dirty761,SynthDirty,,dirty761.s06c@example.test,+15554000761,HD-152,,,SYNTHETIC S06C-1000-DIRTY
Dirty762,SynthDirty,,dirty762.s06c@example.test,+15554000762,HD-152,,,SYNTHETIC S06C-1000-DIRTY
Dirty763,SynthDirty,,dirty763.s06c@example.test,+15554000763,HD-152,,,SYNTHETIC S06C-1000-DIRTY
Dirty764,SynthDirty,,dirty764.s06c@example.test,+15554000764,HD-152,,,SYNTHETIC S06C-1000-DIRTY
Dirty765,SynthDirty,,dirty765.s06c@example.test,+15554000765,HD-153,,,SYNTHETIC S06C-1000-DIRTY
Dirty766,SynthDirty,,dirty766.s06c@example.test,+15554000766,HD-153,,,SYNTHETIC S06C-1000-DIRTY
Dirty767,SynthDirty,,dirty767.s06c@example.test,+15554000767,HD-153,,,SYNTHETIC S06C-1000-DIRTY
Dirty768,SynthDirty,,dirty768.s06c@example.test,+15554000768,HD-153,,,SYNTHETIC S06C-1000-DIRTY
Dirty769,SynthDirty,,dirty769.s06c@example.test,+15554000769,HD-153,,,SYNTHETIC S06C-1000-DIRTY
Dirty770,SynthDirty,,dirty770.s06c@example.test,+15554000770,HD-154,,,@SUM(A1)
Dirty771,SynthDirty,,dirty771.s06c@example.test,+15554000771,HD-154,,,SYNTHETIC S06C-1000-DIRTY
Dirty772,SynthDirty,,dirty772.s06c@example.test,+15554000772,HD-154,,,SYNTHETIC S06C-1000-DIRTY
Dirty773,SynthDirty,,dirty773.s06c@example.test,+15554000773,HD-154,,,SYNTHETIC S06C-1000-DIRTY
Dirty774,SynthDirty,,dirty774.s06c@example.test,+15554000774,HD-154,,,SYNTHETIC S06C-1000-DIRTY
Dirty775,SynthDirty,,dirty775.s06c@example.test,+15554000775,HD-155,,,SYNTHETIC S06C-1000-DIRTY
Dirty776,SynthDirty,,dirty776.s06c@example.test,+15554000776,HD-155,,,SYNTHETIC S06C-1000-DIRTY
Dirty777,SynthDirty,,dirty777.s06c@example.test,+15554000777,HD-155,,,SYNTHETIC S06C-1000-DIRTY
Dirty778,SynthDirty,,dirty778.s06c@example.test,+15554000778,HD-155,,,SYNTHETIC S06C-1000-DIRTY
Dirty779,SynthDirty,,dirty779.s06c@example.test,+15554000779,HD-155,,,SYNTHETIC S06C-1000-DIRTY
,,,dirty780.s06c@example.test,+15554000780,HD-156,,,SYNTHETIC S06C-1000-DIRTY
Dirty781,SynthDirty,,dirty781.s06c@example.test,+15554000781,HD-156,,,SYNTHETIC S06C-1000-DIRTY
Dirty782,SynthDirty,,dirty782.s06c@example.test,+15554000782,HD-156,,,SYNTHETIC S06C-1000-DIRTY
Dirty783,SynthDirty,,dirty783.s06c@example.test,+15554000783,HD-156,,,SYNTHETIC S06C-1000-DIRTY
Dirty784,SynthDirty,,dirty784.s06c@example.test,+15554000784,HD-156,,,SYNTHETIC S06C-1000-DIRTY
Dirty785,SynthDirty,,dirty785.s06c@example.test,+15554000785,HD-157,,,SYNTHETIC S06C-1000-DIRTY
Dirty786,SynthDirty,,dirty786.s06c@example.test,+15554000786,HD-157,,,SYNTHETIC S06C-1000-DIRTY
Dirty787,SynthDirty,,dirty787.s06c@example.test,+15554000787,HD-157,,,SYNTHETIC S06C-1000-DIRTY
Dirty788,SynthDirty,,dirty788.s06c@example.test,+15554000788,HD-157,,,SYNTHETIC S06C-1000-DIRTY
Dirty789,SynthDirty,,dirty789.s06c@example.test,+15554000789,HD-157,,,SYNTHETIC S06C-1000-DIRTY
Dirty790,SynthDirty,,dirty790.s06c@example.test,+15554000790,HD-158,,,SYNTHETIC S06C-1000-DIRTY
Dirty791,SynthDirty,,dirty791.s06c@example.test,+15554000791,HD-158,,,SYNTHETIC S06C-1000-DIRTY
Dirty792,SynthDirty,,dirty792.s06c@example.test,+15554000792,HD-158,,,SYNTHETIC S06C-1000-DIRTY
Dirty793,SynthDirty,,dirty793.s06c@example.test,+15554000793,HD-158,,,SYNTHETIC S06C-1000-DIRTY
Dirty794,SynthDirty,,dirty794.s06c@example.test,+15554000794,HD-158,,,SYNTHETIC S06C-1000-DIRTY
Dirty795,SynthDirty,,dirty795.s06c@example.test,+15554000795,HD-159,,,SYNTHETIC S06C-1000-DIRTY
Dirty796,SynthDirty,,dirty796.s06c@example.test,+15554000796,HD-159,,,SYNTHETIC S06C-1000-DIRTY
Dirty797,SynthDirty,,dirty797.s06c@example.test,+15554000797,HD-159,,,SYNTHETIC S06C-1000-DIRTY
Dirty798,SynthDirty,,dirty798.s06c@example.test,+15554000798,HD-159,,,SYNTHETIC S06C-1000-DIRTY
Dirty799,SynthDirty,,dirty799.s06c@example.test,+15554000799,HD-159,,,SYNTHETIC S06C-1000-DIRTY
Dirty800,SynthDirty,,not-an-email,+15554000800,HD-160,,,SYNTHETIC S06C-1000-DIRTY
Dirty801,SynthDirty,,dirty801.s06c@example.test,+15554000801,HD-160,,,SYNTHETIC S06C-1000-DIRTY
Dirty802,SynthDirty,,dirty802.s06c@example.test,+15554000802,HD-160,,,SYNTHETIC S06C-1000-DIRTY
Dirty803,SynthDirty,,dirty803.s06c@example.test,+15554000803,HD-160,,,SYNTHETIC S06C-1000-DIRTY
Dirty804,SynthDirty,,dirty804.s06c@example.test,+15554000804,HD-160,,,SYNTHETIC S06C-1000-DIRTY
Dirty805,SynthDirty,,dirty805.s06c@example.test,+15554000805,HD-161,,,SYNTHETIC S06C-1000-DIRTY
Dirty806,SynthDirty,,dirty806.s06c@example.test,+15554000806,HD-161,,,SYNTHETIC S06C-1000-DIRTY
Dirty807,SynthDirty,,dirty807.s06c@example.test,+15554000807,HD-161,,,SYNTHETIC S06C-1000-DIRTY
Dirty808,SynthDirty,,dirty808.s06c@example.test,+15554000808,HD-161,,,SYNTHETIC S06C-1000-DIRTY
Dirty809,SynthDirty,,dirty809.s06c@example.test,+15554000809,HD-161,,,SYNTHETIC S06C-1000-DIRTY
Dirty810,SynthDirty,,dirty810.s06c@example.test,=1+1,HD-162,,,SYNTHETIC S06C-1000-DIRTY
Dirty811,SynthDirty,,dirty811.s06c@example.test,+15554000811,HD-162,,,SYNTHETIC S06C-1000-DIRTY
Dirty812,SynthDirty,,dirty812.s06c@example.test,+15554000812,HD-162,,,SYNTHETIC S06C-1000-DIRTY
Dirty813,SynthDirty,,dirty813.s06c@example.test,+15554000813,HD-162,,,SYNTHETIC S06C-1000-DIRTY
Dirty814,SynthDirty,,dirty814.s06c@example.test,+15554000814,HD-162,,,SYNTHETIC S06C-1000-DIRTY
Dirty815,SynthDirty,,dirty815.s06c@example.test,+15554000815,HD-163,,,SYNTHETIC S06C-1000-DIRTY
Dirty816,SynthDirty,,dirty816.s06c@example.test,+15554000816,HD-163,,,SYNTHETIC S06C-1000-DIRTY
Dirty817,SynthDirty,,dirty817.s06c@example.test,+15554000817,HD-163,,,SYNTHETIC S06C-1000-DIRTY
Dirty818,SynthDirty,,dirty818.s06c@example.test,+15554000818,HD-163,,,SYNTHETIC S06C-1000-DIRTY
Dirty819,SynthDirty,,dirty819.s06c@example.test,+15554000819,HD-163,,,SYNTHETIC S06C-1000-DIRTY
Dirty820,SynthDirty,,dirty820.s06c@example.test,+15554000820,HD-164,,,SYNTHETIC S06C-1000-DIRTY
Dirty821,SynthDirty,,dirty821.s06c@example.test,+15554000821,HD-164,,,SYNTHETIC S06C-1000-DIRTY
Dirty822,SynthDirty,,dirty822.s06c@example.test,+15554000822,HD-164,,,SYNTHETIC S06C-1000-DIRTY
Dirty823,SynthDirty,,dirty823.s06c@example.test,+15554000823,HD-164,,,SYNTHETIC S06C-1000-DIRTY
Dirty824,SynthDirty,,dirty824.s06c@example.test,+15554000824,HD-164,,,SYNTHETIC S06C-1000-DIRTY
Dirty825,SynthDirty,,dirty825.s06c@example.test,+15554000825,HD-165,,,SYNTHETIC S06C-1000-DIRTY
Dirty826,SynthDirty,,dirty826.s06c@example.test,+15554000826,HD-165,,,SYNTHETIC S06C-1000-DIRTY
Dirty827,SynthDirty,,dirty827.s06c@example.test,+15554000827,HD-165,,,SYNTHETIC S06C-1000-DIRTY
Dirty828,SynthDirty,,dirty828.s06c@example.test,+15554000828,HD-165,,,SYNTHETIC S06C-1000-DIRTY
Dirty829,SynthDirty,,dirty829.s06c@example.test,+15554000829,HD-165,,,SYNTHETIC S06C-1000-DIRTY
Dirty830,SynthDirty,,dirty830.s06c@example.test,+15554000830,HD-166,,,SYNTHETIC S06C-1000-DIRTY
Dirty831,SynthDirty,,dirty831.s06c@example.test,+15554000831,HD-166,,,SYNTHETIC S06C-1000-DIRTY
Dirty832,SynthDirty,,dirty832.s06c@example.test,+15554000832,HD-166,,,SYNTHETIC S06C-1000-DIRTY
Dirty833,SynthDirty,,dirty833.s06c@example.test,+15554000833,HD-166,,,SYNTHETIC S06C-1000-DIRTY
Dirty834,SynthDirty,,dirty834.s06c@example.test,+15554000834,HD-166,,,SYNTHETIC S06C-1000-DIRTY
Dirty835,SynthDirty,,dirty835.s06c@example.test,+15554000835,HD-167,,,SYNTHETIC S06C-1000-DIRTY
Dirty836,SynthDirty,,dirty836.s06c@example.test,+15554000836,HD-167,,,SYNTHETIC S06C-1000-DIRTY
Dirty837,SynthDirty,,dirty837.s06c@example.test,+15554000837,HD-167,,,SYNTHETIC S06C-1000-DIRTY
Dirty838,SynthDirty,,dirty838.s06c@example.test,+15554000838,HD-167,,,SYNTHETIC S06C-1000-DIRTY
Dirty839,SynthDirty,,dirty839.s06c@example.test,+15554000839,HD-167,,,SYNTHETIC S06C-1000-DIRTY
,,,dirty840.s06c@example.test,+15554000840,HD-168,,,@SUM(A1)
Dirty841,SynthDirty,,dirty841.s06c@example.test,+15554000841,HD-168,,,SYNTHETIC S06C-1000-DIRTY
Dirty842,SynthDirty,,dirty842.s06c@example.test,+15554000842,HD-168,,,SYNTHETIC S06C-1000-DIRTY
Dirty843,SynthDirty,,dirty843.s06c@example.test,+15554000843,HD-168,,,SYNTHETIC S06C-1000-DIRTY
Dirty844,SynthDirty,,dirty844.s06c@example.test,+15554000844,HD-168,,,SYNTHETIC S06C-1000-DIRTY
Dirty845,SynthDirty,,dirty845.s06c@example.test,+15554000845,HD-169,,,SYNTHETIC S06C-1000-DIRTY
Dirty846,SynthDirty,,dirty846.s06c@example.test,+15554000846,HD-169,,,SYNTHETIC S06C-1000-DIRTY
Dirty847,SynthDirty,,dirty847.s06c@example.test,+15554000847,HD-169,,,SYNTHETIC S06C-1000-DIRTY
Dirty848,SynthDirty,,dirty848.s06c@example.test,+15554000848,HD-169,,,SYNTHETIC S06C-1000-DIRTY
Dirty849,SynthDirty,,dirty849.s06c@example.test,+15554000849,HD-169,,,SYNTHETIC S06C-1000-DIRTY
Dirty850,SynthDirty,,,+15554000850,HD-170,,,SYNTHETIC S06C-1000-DIRTY
Dirty851,SynthDirty,,dirty851.s06c@example.test,+15554000851,HD-170,,,SYNTHETIC S06C-1000-DIRTY
Dirty852,SynthDirty,,dirty852.s06c@example.test,+15554000852,HD-170,,,SYNTHETIC S06C-1000-DIRTY
Dirty853,SynthDirty,,dirty853.s06c@example.test,+15554000853,HD-170,,,SYNTHETIC S06C-1000-DIRTY
Dirty854,SynthDirty,,dirty854.s06c@example.test,+15554000854,HD-170,,,SYNTHETIC S06C-1000-DIRTY
Dirty855,SynthDirty,,dirty855.s06c@example.test,+15554000855,HD-171,,,SYNTHETIC S06C-1000-DIRTY
Dirty856,SynthDirty,,dirty856.s06c@example.test,+15554000856,HD-171,,,SYNTHETIC S06C-1000-DIRTY
Dirty857,SynthDirty,,dirty857.s06c@example.test,+15554000857,HD-171,,,SYNTHETIC S06C-1000-DIRTY
Dirty858,SynthDirty,,dirty858.s06c@example.test,+15554000858,HD-171,,,SYNTHETIC S06C-1000-DIRTY
Dirty859,SynthDirty,,dirty859.s06c@example.test,+15554000859,HD-171,,,SYNTHETIC S06C-1000-DIRTY
Dirty860,SynthDirty,,dirty860.s06c@example.test,+15554000860,HD-172,,,SYNTHETIC S06C-1000-DIRTY
Dirty861,SynthDirty,,dirty861.s06c@example.test,+15554000861,HD-172,,,SYNTHETIC S06C-1000-DIRTY
Dirty862,SynthDirty,,dirty862.s06c@example.test,+15554000862,HD-172,,,SYNTHETIC S06C-1000-DIRTY
Dirty863,SynthDirty,,dirty863.s06c@example.test,+15554000863,HD-172,,,SYNTHETIC S06C-1000-DIRTY
Dirty864,SynthDirty,,dirty864.s06c@example.test,+15554000864,HD-172,,,SYNTHETIC S06C-1000-DIRTY
Dirty865,SynthDirty,,dirty865.s06c@example.test,+15554000865,HD-173,,,SYNTHETIC S06C-1000-DIRTY
Dirty866,SynthDirty,,dirty866.s06c@example.test,+15554000866,HD-173,,,SYNTHETIC S06C-1000-DIRTY
Dirty867,SynthDirty,,dirty867.s06c@example.test,+15554000867,HD-173,,,SYNTHETIC S06C-1000-DIRTY
Dirty868,SynthDirty,,dirty868.s06c@example.test,+15554000868,HD-173,,,SYNTHETIC S06C-1000-DIRTY
Dirty869,SynthDirty,,dirty869.s06c@example.test,+15554000869,HD-173,,,SYNTHETIC S06C-1000-DIRTY
Dirty870,SynthDirty,,dirty870.s06c@example.test,+15554000870,HD-174,,,SYNTHETIC S06C-1000-DIRTY
Dirty871,SynthDirty,,dirty871.s06c@example.test,+15554000871,HD-174,,,SYNTHETIC S06C-1000-DIRTY
Dirty872,SynthDirty,,dirty872.s06c@example.test,+15554000872,HD-174,,,SYNTHETIC S06C-1000-DIRTY
Dirty873,SynthDirty,,dirty873.s06c@example.test,+15554000873,HD-174,,,SYNTHETIC S06C-1000-DIRTY
Dirty874,SynthDirty,,dirty874.s06c@example.test,+15554000874,HD-174,,,SYNTHETIC S06C-1000-DIRTY
Dirty875,SynthDirty,,dirty875.s06c@example.test,+15554000875,HD-175,,,SYNTHETIC S06C-1000-DIRTY
Dirty876,SynthDirty,,dirty876.s06c@example.test,+15554000876,HD-175,,,SYNTHETIC S06C-1000-DIRTY
Dirty877,SynthDirty,,dirty877.s06c@example.test,+15554000877,HD-175,,,SYNTHETIC S06C-1000-DIRTY
Dirty878,SynthDirty,,dirty878.s06c@example.test,+15554000878,HD-175,,,SYNTHETIC S06C-1000-DIRTY
Dirty879,SynthDirty,,dirty879.s06c@example.test,+15554000879,HD-175,,,SYNTHETIC S06C-1000-DIRTY
Dirty880,SynthDirty,,not-an-email,+15554000880,HD-176,,,SYNTHETIC S06C-1000-DIRTY
Dirty881,SynthDirty,,dirty881.s06c@example.test,+15554000881,HD-176,,,SYNTHETIC S06C-1000-DIRTY
Dirty882,SynthDirty,,dirty882.s06c@example.test,+15554000882,HD-176,,,SYNTHETIC S06C-1000-DIRTY
Dirty883,SynthDirty,,dirty883.s06c@example.test,+15554000883,HD-176,,,SYNTHETIC S06C-1000-DIRTY
Dirty884,SynthDirty,,dirty884.s06c@example.test,+15554000884,HD-176,,,SYNTHETIC S06C-1000-DIRTY
Dirty885,SynthDirty,,dirty885.s06c@example.test,+15554000885,HD-177,,,SYNTHETIC S06C-1000-DIRTY
Dirty886,SynthDirty,,dirty886.s06c@example.test,+15554000886,HD-177,,,SYNTHETIC S06C-1000-DIRTY
Dirty887,SynthDirty,,dirty887.s06c@example.test,+15554000887,HD-177,,,SYNTHETIC S06C-1000-DIRTY
Dirty888,SynthDirty,,dirty888.s06c@example.test,+15554000888,HD-177,,,SYNTHETIC S06C-1000-DIRTY
Dirty889,SynthDirty,,dirty889.s06c@example.test,+15554000889,HD-177,,,SYNTHETIC S06C-1000-DIRTY
Dirty890,SynthDirty,,dirty890.s06c@example.test,+15554000890,HD-178,,,SYNTHETIC S06C-1000-DIRTY
Dirty891,SynthDirty,,dirty891.s06c@example.test,+15554000891,HD-178,,,SYNTHETIC S06C-1000-DIRTY
Dirty892,SynthDirty,,dirty892.s06c@example.test,+15554000892,HD-178,,,SYNTHETIC S06C-1000-DIRTY
Dirty893,SynthDirty,,dirty893.s06c@example.test,+15554000893,HD-178,,,SYNTHETIC S06C-1000-DIRTY
Dirty894,SynthDirty,,dirty894.s06c@example.test,+15554000894,HD-178,,,SYNTHETIC S06C-1000-DIRTY
Dirty895,SynthDirty,,dirty895.s06c@example.test,+15554000895,HD-179,,,SYNTHETIC S06C-1000-DIRTY
Dirty896,SynthDirty,,dirty896.s06c@example.test,+15554000896,HD-179,,,SYNTHETIC S06C-1000-DIRTY
Dirty897,SynthDirty,,dirty897.s06c@example.test,+15554000897,HD-179,,,SYNTHETIC S06C-1000-DIRTY
Dirty898,SynthDirty,,dirty898.s06c@example.test,+15554000898,HD-179,,,SYNTHETIC S06C-1000-DIRTY
Dirty899,SynthDirty,,dirty899.s06c@example.test,+15554000899,HD-179,,,SYNTHETIC S06C-1000-DIRTY
,,,,=1+1,HD-180,,,SYNTHETIC S06C-1000-DIRTY
Dirty901,SynthDirty,,dirty901.s06c@example.test,+15554000901,HD-180,,,SYNTHETIC S06C-1000-DIRTY
Dirty902,SynthDirty,,dirty902.s06c@example.test,+15554000902,HD-180,,,SYNTHETIC S06C-1000-DIRTY
Dirty903,SynthDirty,,dirty903.s06c@example.test,+15554000903,HD-180,,,SYNTHETIC S06C-1000-DIRTY
Dirty904,SynthDirty,,dirty904.s06c@example.test,+15554000904,HD-180,,,SYNTHETIC S06C-1000-DIRTY
Dirty905,SynthDirty,,dirty905.s06c@example.test,+15554000905,HD-181,,,SYNTHETIC S06C-1000-DIRTY
Dirty906,SynthDirty,,dirty906.s06c@example.test,+15554000906,HD-181,,,SYNTHETIC S06C-1000-DIRTY
Dirty907,SynthDirty,,dirty907.s06c@example.test,+15554000907,HD-181,,,SYNTHETIC S06C-1000-DIRTY
Dirty908,SynthDirty,,dirty908.s06c@example.test,+15554000908,HD-181,,,SYNTHETIC S06C-1000-DIRTY
Dirty909,SynthDirty,,dirty909.s06c@example.test,+15554000909,HD-181,,,SYNTHETIC S06C-1000-DIRTY
Dirty910,SynthDirty,,dirty910.s06c@example.test,+15554000910,HD-182,,,@SUM(A1)
Dirty911,SynthDirty,,dirty911.s06c@example.test,+15554000911,HD-182,,,SYNTHETIC S06C-1000-DIRTY
Dirty912,SynthDirty,,dirty912.s06c@example.test,+15554000912,HD-182,,,SYNTHETIC S06C-1000-DIRTY
Dirty913,SynthDirty,,dirty913.s06c@example.test,+15554000913,HD-182,,,SYNTHETIC S06C-1000-DIRTY
Dirty914,SynthDirty,,dirty914.s06c@example.test,+15554000914,HD-182,,,SYNTHETIC S06C-1000-DIRTY
Dirty915,SynthDirty,,dirty915.s06c@example.test,+15554000915,HD-183,,,SYNTHETIC S06C-1000-DIRTY
Dirty916,SynthDirty,,dirty916.s06c@example.test,+15554000916,HD-183,,,SYNTHETIC S06C-1000-DIRTY
Dirty917,SynthDirty,,dirty917.s06c@example.test,+15554000917,HD-183,,,SYNTHETIC S06C-1000-DIRTY
Dirty918,SynthDirty,,dirty918.s06c@example.test,+15554000918,HD-183,,,SYNTHETIC S06C-1000-DIRTY
Dirty919,SynthDirty,,dirty919.s06c@example.test,+15554000919,HD-183,,,SYNTHETIC S06C-1000-DIRTY
Dirty920,SynthDirty,,dirty920.s06c@example.test,+15554000920,HD-184,,,SYNTHETIC S06C-1000-DIRTY
Dirty921,SynthDirty,,dirty921.s06c@example.test,+15554000921,HD-184,,,SYNTHETIC S06C-1000-DIRTY
Dirty922,SynthDirty,,dirty922.s06c@example.test,+15554000922,HD-184,,,SYNTHETIC S06C-1000-DIRTY
Dirty923,SynthDirty,,dirty923.s06c@example.test,+15554000923,HD-184,,,SYNTHETIC S06C-1000-DIRTY
Dirty924,SynthDirty,,dirty924.s06c@example.test,+15554000924,HD-184,,,SYNTHETIC S06C-1000-DIRTY
Dirty925,SynthDirty,,dirty925.s06c@example.test,+15554000925,HD-185,,,SYNTHETIC S06C-1000-DIRTY
Dirty926,SynthDirty,,dirty926.s06c@example.test,+15554000926,HD-185,,,SYNTHETIC S06C-1000-DIRTY
Dirty927,SynthDirty,,dirty927.s06c@example.test,+15554000927,HD-185,,,SYNTHETIC S06C-1000-DIRTY
Dirty928,SynthDirty,,dirty928.s06c@example.test,+15554000928,HD-185,,,SYNTHETIC S06C-1000-DIRTY
Dirty929,SynthDirty,,dirty929.s06c@example.test,+15554000929,HD-185,,,SYNTHETIC S06C-1000-DIRTY
Dirty930,SynthDirty,,dirty930.s06c@example.test,+15554000930,HD-186,,,SYNTHETIC S06C-1000-DIRTY
Dirty931,SynthDirty,,dirty931.s06c@example.test,+15554000931,HD-186,,,SYNTHETIC S06C-1000-DIRTY
Dirty932,SynthDirty,,dirty932.s06c@example.test,+15554000932,HD-186,,,SYNTHETIC S06C-1000-DIRTY
Dirty933,SynthDirty,,dirty933.s06c@example.test,+15554000933,HD-186,,,SYNTHETIC S06C-1000-DIRTY
Dirty934,SynthDirty,,dirty934.s06c@example.test,+15554000934,HD-186,,,SYNTHETIC S06C-1000-DIRTY
Dirty935,SynthDirty,,dirty935.s06c@example.test,+15554000935,HD-187,,,SYNTHETIC S06C-1000-DIRTY
Dirty936,SynthDirty,,dirty936.s06c@example.test,+15554000936,HD-187,,,SYNTHETIC S06C-1000-DIRTY
Dirty937,SynthDirty,,dirty937.s06c@example.test,+15554000937,HD-187,,,SYNTHETIC S06C-1000-DIRTY
Dirty938,SynthDirty,,dirty938.s06c@example.test,+15554000938,HD-187,,,SYNTHETIC S06C-1000-DIRTY
Dirty939,SynthDirty,,dirty939.s06c@example.test,+15554000939,HD-187,,,SYNTHETIC S06C-1000-DIRTY
Dirty940,SynthDirty,,dirty940.s06c@example.test,+15554000940,HD-188,,,SYNTHETIC S06C-1000-DIRTY
Dirty941,SynthDirty,,dirty941.s06c@example.test,+15554000941,HD-188,,,SYNTHETIC S06C-1000-DIRTY
Dirty942,SynthDirty,,dirty942.s06c@example.test,+15554000942,HD-188,,,SYNTHETIC S06C-1000-DIRTY
Dirty943,SynthDirty,,dirty943.s06c@example.test,+15554000943,HD-188,,,SYNTHETIC S06C-1000-DIRTY
Dirty944,SynthDirty,,dirty944.s06c@example.test,+15554000944,HD-188,,,SYNTHETIC S06C-1000-DIRTY
Dirty945,SynthDirty,,dirty945.s06c@example.test,+15554000945,HD-189,,,SYNTHETIC S06C-1000-DIRTY
Dirty946,SynthDirty,,dirty946.s06c@example.test,+15554000946,HD-189,,,SYNTHETIC S06C-1000-DIRTY
Dirty947,SynthDirty,,dirty947.s06c@example.test,+15554000947,HD-189,,,SYNTHETIC S06C-1000-DIRTY
Dirty948,SynthDirty,,dirty948.s06c@example.test,+15554000948,HD-189,,,SYNTHETIC S06C-1000-DIRTY
Dirty949,SynthDirty,,dirty949.s06c@example.test,+15554000949,HD-189,,,SYNTHETIC S06C-1000-DIRTY
Dirty950,SynthDirty,,,+15554000950,HD-190,,,SYNTHETIC S06C-1000-DIRTY
Dirty951,SynthDirty,,dirty951.s06c@example.test,+15554000951,HD-190,,,SYNTHETIC S06C-1000-DIRTY
Dirty952,SynthDirty,,dirty952.s06c@example.test,+15554000952,HD-190,,,SYNTHETIC S06C-1000-DIRTY
Dirty953,SynthDirty,,dirty953.s06c@example.test,+15554000953,HD-190,,,SYNTHETIC S06C-1000-DIRTY
Dirty954,SynthDirty,,dirty954.s06c@example.test,+15554000954,HD-190,,,SYNTHETIC S06C-1000-DIRTY
Dirty955,SynthDirty,,dirty955.s06c@example.test,+15554000955,HD-191,,,SYNTHETIC S06C-1000-DIRTY
Dirty956,SynthDirty,,dirty956.s06c@example.test,+15554000956,HD-191,,,SYNTHETIC S06C-1000-DIRTY
Dirty957,SynthDirty,,dirty957.s06c@example.test,+15554000957,HD-191,,,SYNTHETIC S06C-1000-DIRTY
Dirty958,SynthDirty,,dirty958.s06c@example.test,+15554000958,HD-191,,,SYNTHETIC S06C-1000-DIRTY
Dirty959,SynthDirty,,dirty959.s06c@example.test,+15554000959,HD-191,,,SYNTHETIC S06C-1000-DIRTY
,,,not-an-email,+15554000960,HD-192,,,SYNTHETIC S06C-1000-DIRTY
Dirty961,SynthDirty,,dirty961.s06c@example.test,+15554000961,HD-192,,,SYNTHETIC S06C-1000-DIRTY
Dirty962,SynthDirty,,dirty962.s06c@example.test,+15554000962,HD-192,,,SYNTHETIC S06C-1000-DIRTY
Dirty963,SynthDirty,,dirty963.s06c@example.test,+15554000963,HD-192,,,SYNTHETIC S06C-1000-DIRTY
Dirty964,SynthDirty,,dirty964.s06c@example.test,+15554000964,HD-192,,,SYNTHETIC S06C-1000-DIRTY
Dirty965,SynthDirty,,dirty965.s06c@example.test,+15554000965,HD-193,,,SYNTHETIC S06C-1000-DIRTY
Dirty966,SynthDirty,,dirty966.s06c@example.test,+15554000966,HD-193,,,SYNTHETIC S06C-1000-DIRTY
Dirty967,SynthDirty,,dirty967.s06c@example.test,+15554000967,HD-193,,,SYNTHETIC S06C-1000-DIRTY
Dirty968,SynthDirty,,dirty968.s06c@example.test,+15554000968,HD-193,,,SYNTHETIC S06C-1000-DIRTY
Dirty969,SynthDirty,,dirty969.s06c@example.test,+15554000969,HD-193,,,SYNTHETIC S06C-1000-DIRTY
Dirty970,SynthDirty,,dirty970.s06c@example.test,+15554000970,HD-194,,,SYNTHETIC S06C-1000-DIRTY
Dirty971,SynthDirty,,dirty971.s06c@example.test,+15554000971,HD-194,,,SYNTHETIC S06C-1000-DIRTY
Dirty972,SynthDirty,,dirty972.s06c@example.test,+15554000972,HD-194,,,SYNTHETIC S06C-1000-DIRTY
Dirty973,SynthDirty,,dirty973.s06c@example.test,+15554000973,HD-194,,,SYNTHETIC S06C-1000-DIRTY
Dirty974,SynthDirty,,dirty974.s06c@example.test,+15554000974,HD-194,,,SYNTHETIC S06C-1000-DIRTY
Dirty975,SynthDirty,,dirty975.s06c@example.test,+15554000975,HD-195,,,SYNTHETIC S06C-1000-DIRTY
Dirty976,SynthDirty,,dirty976.s06c@example.test,+15554000976,HD-195,,,SYNTHETIC S06C-1000-DIRTY
Dirty977,SynthDirty,,dirty977.s06c@example.test,+15554000977,HD-195,,,SYNTHETIC S06C-1000-DIRTY
Dirty978,SynthDirty,,dirty978.s06c@example.test,+15554000978,HD-195,,,SYNTHETIC S06C-1000-DIRTY
Dirty979,SynthDirty,,dirty979.s06c@example.test,+15554000979,HD-195,,,SYNTHETIC S06C-1000-DIRTY
Dirty980,SynthDirty,,dirty980.s06c@example.test,+15554000980,HD-196,,,@SUM(A1)
Dirty981,SynthDirty,,dirty981.s06c@example.test,+15554000981,HD-196,,,SYNTHETIC S06C-1000-DIRTY
Dirty982,SynthDirty,,dirty982.s06c@example.test,+15554000982,HD-196,,,SYNTHETIC S06C-1000-DIRTY
Dirty983,SynthDirty,,dirty983.s06c@example.test,+15554000983,HD-196,,,SYNTHETIC S06C-1000-DIRTY
Dirty984,SynthDirty,,dirty984.s06c@example.test,+15554000984,HD-196,,,SYNTHETIC S06C-1000-DIRTY
Dirty985,SynthDirty,,dirty985.s06c@example.test,+15554000985,HD-197,,,SYNTHETIC S06C-1000-DIRTY
Dirty986,SynthDirty,,dirty986.s06c@example.test,+15554000986,HD-197,,,SYNTHETIC S06C-1000-DIRTY
Dirty987,SynthDirty,,dirty987.s06c@example.test,+15554000987,HD-197,,,SYNTHETIC S06C-1000-DIRTY
Dirty988,SynthDirty,,dirty988.s06c@example.test,+15554000988,HD-197,,,SYNTHETIC S06C-1000-DIRTY
Dirty989,SynthDirty,,dirty989.s06c@example.test,+15554000989,HD-197,,,SYNTHETIC S06C-1000-DIRTY
Dirty990,SynthDirty,,dirty990.s06c@example.test,=1+1,HD-198,,,SYNTHETIC S06C-1000-DIRTY
Dirty991,SynthDirty,,dirty991.s06c@example.test,+15554000991,HD-198,,,SYNTHETIC S06C-1000-DIRTY
Dirty992,SynthDirty,,dirty992.s06c@example.test,+15554000992,HD-198,,,SYNTHETIC S06C-1000-DIRTY
Dirty993,SynthDirty,,dirty993.s06c@example.test,+15554000993,HD-198,,,SYNTHETIC S06C-1000-DIRTY
Dirty994,SynthDirty,,dirty994.s06c@example.test,+15554000994,HD-198,,,SYNTHETIC S06C-1000-DIRTY
Dirty995,SynthDirty,,dirty995.s06c@example.test,+15554000995,HD-199,,,SYNTHETIC S06C-1000-DIRTY
Dirty996,SynthDirty,,dirty996.s06c@example.test,+15554000996,HD-199,,,SYNTHETIC S06C-1000-DIRTY
Dirty997,SynthDirty,,dirty997.s06c@example.test,+15554000997,HD-199,,,SYNTHETIC S06C-1000-DIRTY
Dirty998,SynthDirty,,dirty998.s06c@example.test,+15554000998,HD-199,,,SYNTHETIC S06C-1000-DIRTY
Dirty999,SynthDirty,,dirty999.s06c@example.test,+15554000999,HD-199,,,SYNTHETIC S06C-1000-DIRTY
